"Date","Price","Open","High","Low","Vol.","Change %"
"04/29/2026","17.57","18.56","19.11","17.44","","-5.33%"
"04/28/2026","18.56","17.63","18.63","17.43","","5.28%"
"04/27/2026","17.63","16.82","18.14","16.52","","4.82%"
"04/24/2026","16.82","16.15","16.94","14.52","","4.15%"
"04/23/2026","16.15","17.03","17.52","15.76","","-5.17%"
"04/20/2026","17.03","14.64","19.09","14.64","","16.33%"
"04/18/2026","14.64","15.29","14.64","14.64","","0.00%"
"04/17/2026","14.64","15.29","16.54","14.54","","-4.25%"
"04/16/2026","15.29","16.14","17.58","15.13","","-5.27%"
"04/15/2026","16.14","18.12","18.23","15.81","","-8.87%"
"04/14/2026","17.71","19.13","19.13","17.07","","-7.42%"
"04/13/2026","19.13","17.31","19.59","17.31","","10.51%"
"04/12/2026","17.31","18.55","17.31","17.31","","0.00%"
"04/10/2026","17.31","18.55","18.61","16.74","","-9.89%"
"04/09/2026","19.21","25.54","25.54","18.68","","-24.78%"
"04/06/2026","25.54","25.12","26.07","24.73","","1.67%"
"04/03/2026","25.12","25.29","25.49","22.96","","-0.67%"
"03/31/2026","25.29","28.05","28.19","25.00","","-9.84%"
"03/30/2026","28.05","27.49","28.83","26.77","","2.04%"
"03/27/2026","27.49","22.23","27.54","22.23","","23.66%"
"03/26/2026","22.23","21.44","22.75","20.93","","3.68%"
"03/25/2026","21.44","20.73","21.77","17.41","","-3.42%"
"03/24/2026","22.20","24.17","28.54","22.13","","0.32%"
"03/23/2026","22.13","16.56","27.58","16.56","","33.64%"
"03/20/2026","16.56","18.79","18.79","13.52","","-11.87%"
"03/19/2026","18.79","19.18","21.55","18.21","","-2.03%"
"03/18/2026","19.18","21.59","22.09","18.90","","-11.16%"
"03/17/2026","21.59","22.90","25.01","20.63","","-5.72%"
"03/16/2026","22.90","22.18","24.85","22.15","","3.25%"
"03/13/2026","22.18","22.11","23.07","20.72","","0.32%"
"03/12/2026","22.11","22.52","24.06","21.71","","0.09%"
"03/11/2026","22.09","22.87","25.37","21.65","","-3.41%"
"03/10/2026","22.87","25.67","26.46","22.55","","-10.91%"
"03/09/2026","25.67","20.74","26.87","20.74","","23.77%"
"03/06/2026","20.74","20.75","21.84","19.79","","-0.05%"
"03/05/2026","20.75","23.77","24.64","20.57","","-12.71%"
"03/04/2026","23.77","23.04","25.06","21.62","","3.17%"
"03/03/2026","23.04","28.14","23.04","23.04","","0.00%"
"03/02/2026","23.04","28.14","28.14","22.21","","-18.12%"
"02/27/2026","28.14","25.90","28.41","25.11","","8.65%"
"02/26/2026","25.90","23.93","26.17","23.93","","8.23%"
"02/25/2026","23.93","24.42","25.08","23.38","","-2.01%"
"02/24/2026","24.42","21.99","24.60","21.99","","11.05%"
"02/23/2026","21.99","20.47","28.87","20.47","","7.43%"
"02/20/2026","20.47","21.93","23.24","17.89","","-6.66%"
"02/19/2026","21.93","19.24","22.31","19.24","","13.98%"
"02/18/2026","19.24","18.13","19.58","17.46","","6.12%"
"02/17/2026","18.13","18.79","19.45","17.40","","7.34%"
"02/16/2026","16.89","18.57","18.74","16.31","","6.16%"
"02/13/2026","15.91","15.78","17.87","15.78","","0.82%"
"02/12/2026","15.78","18.03","18.69","15.18","","-10.70%"
"02/11/2026","17.67","16.43","18.75","16.43","","7.55%"
"02/10/2026","16.43","20.00","20.00","15.86","","-12.88%"
"02/09/2026","18.86","20.79","20.91","17.51","","-12.28%"
"02/06/2026","21.50","21.77","23.66","20.70","","-1.24%"
"02/05/2026","21.77","19.59","22.15","18.93","","16.92%"
"02/04/2026","18.62","19.34","20.22","17.90","","-3.72%"
"02/03/2026","19.34","22.09","22.09","17.99","","-12.45%"
"02/02/2026","22.09","25.25","26.69","21.71","","-6.83%"
"01/30/2026","23.71","25.12","25.86","23.43","","-5.61%"
"01/29/2026","25.12","22.13","25.34","21.91","","11.74%"
"01/28/2026","22.48","21.30","23.01","19.91","","3.17%"
"01/27/2026","21.79","21.15","21.95","20.79","","4.16%"
"01/26/2026","20.92","18.57","22.07","18.57","","12.65%"
"01/23/2026","18.57","18.96","19.20","18.25","","-2.06%"
"01/22/2026","18.96","20.02","20.02","18.57","","-5.29%"
"01/21/2026","20.02","19.03","24.29","19.03","","5.20%"
"01/20/2026","19.03","25.27","25.86","18.41","","0.00%"
"01/19/2026","19.03","21.18","29.66","18.95","","-10.15%"
"01/17/2026","21.18","21.35","21.18","21.18","","0.00%"
"01/16/2026","21.18","21.35","22.46","20.70","","-0.80%"
"01/15/2026","21.35","22.21","23.58","21.16","","-3.87%"
"01/14/2026","22.21","21.96","23.50","20.33","","1.14%"
"01/13/2026","21.96","20.30","23.31","20.09","","5.83%"
"01/12/2026","20.75","23.05","23.38","20.38","","2.77%"
"01/09/2026","20.19","21.15","22.32","19.92","","-4.54%"
"01/08/2026","21.15","19.91","22.57","19.63","","13.16%"
"01/07/2026","18.69","17.74","19.39","17.74","","5.36%"
"01/06/2026","17.74","19.22","19.22","17.48","","-7.70%"
"01/05/2026","19.22","18.72","20.16","18.37","","1.48%"
"01/01/2026","18.94","20.18","21.15","18.56","","-6.14%"
"12/31/2025","20.18","19.75","20.83","19.43","","2.18%"
"12/30/2025","19.75","19.52","20.06","18.73","","1.18%"
"12/29/2025","19.52","20.41","21.03","19.45","","-4.36%"
"12/28/2025","20.41","20.28","22.60","19.70","","0.64%"
"12/25/2025","20.28","16.34","20.42","16.34","","24.11%"
"12/24/2025","16.34","15.90","16.88","15.36","","2.77%"
"12/23/2025","15.90","16.03","16.53","14.73","","2.19%"
"12/22/2025","15.56","15.54","16.13","14.58","","1.43%"
"12/21/2025","15.34","17.64","17.66","14.80","","18.46%"
"12/18/2025","12.95","14.48","14.99","12.50","","-6.77%"
"12/17/2025","13.89","14.65","15.24","13.78","","-7.89%"
"12/16/2025","15.08","14.58","15.13","13.73","","8.41%"
"12/15/2025","13.91","13.38","14.46","12.90","","-4.66%"
"12/14/2025","14.59","14.19","14.90","13.60","","13.28%"
"12/11/2025","12.88","13.54","14.20","12.33","","-3.88%"
"12/10/2025","13.40","13.95","14.92","13.12","","-0.45%"
"12/09/2025","13.46","13.95","14.10","13.28","","-2.39%"
"12/08/2025","13.79","14.59","14.89","13.21","","-4.04%"
"12/07/2025","14.37","14.92","15.18","14.12","","1.63%"
"12/04/2025","14.14","14.39","14.86","13.92","","-4.72%"
"12/03/2025","14.84","15.17","15.30","14.24","","-2.11%"
"12/02/2025","15.16","14.90","15.23","14.05","","-0.33%"
"12/01/2025","15.21","16.60","16.94","15.11","","-3.37%"
"11/30/2025","15.74","14.57","15.96","14.26","","5.92%"
"11/29/2025","14.86","15.47","14.86","14.86","","0.00%"
"11/27/2025","14.86","15.47","15.88","14.56","","-4.13%"
"11/26/2025","15.50","16.64","16.64","15.14","","-6.85%"
"11/25/2025","16.64","19.80","20.61","14.88","","0.24%"
"11/24/2025","16.60","22.05","23.58","16.32","","-0.24%"
"11/23/2025","16.64","21.41","21.78","16.41","","-3.70%"
"11/20/2025","17.28","15.73","17.71","13.71","","9.85%"
"11/19/2025","15.73","17.93","17.97","15.49","","-7.69%"
"11/18/2025","17.04","15.74","17.29","14.87","","16.16%"
"11/17/2025","14.67","14.13","15.11","13.83","","2.59%"
"11/16/2025","14.30","14.73","15.62","14.10","","6.24%"
"11/14/2025","13.46","14.69","13.46","13.46","","0.00%"
"11/13/2025","13.46","14.69","14.84","13.33","","-4.61%"
"11/12/2025","14.11","13.13","14.22","12.17","","7.96%"
"11/11/2025","13.07","14.00","14.09","12.89","","-4.46%"
"11/10/2025","13.68","14.67","15.55","13.56","","-8.74%"
"11/09/2025","14.99","15.35","15.53","14.39","","0.94%"
"11/07/2025","14.85","14.48","14.85","14.85","","0.00%"
"11/06/2025","14.85","14.48","14.97","14.11","","0.47%"
"11/05/2025","14.78","15.81","16.48","14.50","","-3.02%"
"11/04/2025","15.24","15.57","16.29","14.87","","1.20%"
"11/03/2025","15.06","14.98","15.49","13.86","","2.31%"
"11/02/2025","14.72","15.12","15.37","14.46","","-0.27%"
"10/30/2025","14.76","15.49","15.61","14.51","","-4.71%"
"10/29/2025","15.49","15.66","16.34","15.33","","-5.95%"
"10/28/2025","16.47","19.23","19.23","15.25","","4.77%"
"10/27/2025","15.72","17.00","17.34","14.63","","3.56%"
"10/26/2025","15.18","16.33","16.78","14.99","","-3.44%"
"10/23/2025","15.72","17.35","17.48","15.47","","-10.68%"
"10/22/2025","17.60","17.64","18.46","16.56","","0.86%"
"10/21/2025","17.45","17.12","17.95","16.52","","1.63%"
"10/20/2025","17.17","18.53","18.65","16.40","","-3.38%"
"10/19/2025","17.77","17.34","18.92","16.53","","11.34%"
"10/18/2025","15.96","16.39","15.96","15.96","","0.00%"
"10/16/2025","15.96","16.39","16.86","15.39","","-2.62%"
"10/15/2025","16.39","17.34","17.65","16.06","","-7.87%"
"10/12/2025","17.79","16.47","18.04","15.96","","19.40%"
"10/09/2025","14.90","18.23","18.23","14.83","","-20.24%"
"10/08/2025","18.68","19.62","19.77","18.59","","4.36%"
"10/05/2025","17.90","16.74","18.52","15.85","","7.25%"
"09/30/2025","16.69","17.77","18.07","14.32","","-6.08%"
"09/29/2025","17.77","16.92","18.61","16.35","","5.02%"
"09/28/2025","16.92","16.74","17.72","16.52","","4.96%"
"09/25/2025","16.12","17.13","17.47","16.01","","-7.83%"
"09/23/2025","17.49","16.76","17.49","17.49","","0.00%"
"09/22/2025","17.49","16.76","17.49","17.49","","0.00%"
"09/21/2025","17.49","16.76","17.82","14.48","","3.92%"
"09/18/2025","16.83","18.41","19.56","16.62","","-8.58%"
"09/17/2025","18.41","16.75","19.54","15.91","","5.68%"
"09/16/2025","17.42","20.05","25.68","16.90","","-0.85%"
"09/15/2025","17.57","17.06","18.56","15.49","","2.09%"
"09/14/2025","17.21","16.76","18.31","16.43","","8.31%"
"09/11/2025","15.89","15.45","16.05","15.11","","3.11%"
"09/10/2025","15.41","15.91","16.63","15.32","","-2.47%"
"09/09/2025","15.80","15.90","16.89","15.08","","-2.59%"
"09/08/2025","16.22","15.65","16.73","15.37","","-0.37%"
"09/07/2025","16.28","15.98","16.92","15.87","","-2.22%"
"09/04/2025","16.65","17.91","17.91","16.15","","-7.24%"
"09/03/2025","17.95","18.64","18.91","17.64","","-5.68%"
"09/02/2025","19.03","18.12","19.58","17.95","","6.55%"
"09/01/2025","17.86","16.91","18.35","16.53","","7.98%"
"08/31/2025","16.54","16.65","16.97","16.04","","12.44%"
"08/28/2025","14.71","14.13","14.99","13.22","","5.45%"
"08/27/2025","13.95","13.83","14.54","13.15","","-0.21%"
"08/26/2025","13.98","19.32","19.36","13.31","","2.34%"
"08/25/2025","13.66","17.30","17.48","13.37","","0.81%"
"08/24/2025","13.55","15.34","15.39","13.13","","-2.73%"
"08/21/2025","13.93","15.39","15.46","13.32","","-7.20%"
"08/20/2025","15.01","13.23","16.20","13.18","","12.86%"
"08/19/2025","13.30","14.80","14.82","12.99","","-9.09%"
"08/18/2025","14.63","14.27","14.84","13.48","","8.77%"
"08/17/2025","13.45","15.77","15.82","13.10","","-7.24%"
"08/14/2025","14.50","14.88","15.65","13.54","","-6.87%"
"08/13/2025","15.57","16.89","16.93","14.72","","-10.36%"
"08/12/2025","17.37","16.38","17.90","15.50","","11.20%"
"08/11/2025","15.62","14.88","16.06","14.51","","7.21%"
"08/10/2025","14.57","16.51","16.52","14.19","","-10.12%"
"08/07/2025","16.21","17.55","18.16","15.62","","-7.95%"
"08/06/2025","17.61","17.75","18.57","16.74","","1.91%"
"08/05/2025","17.28","17.62","17.92","16.33","","-0.52%"
"08/04/2025","17.37","18.08","18.30","16.77","","4.26%"
"08/03/2025","16.66","16.36","16.66","16.66","","0.00%"
"07/31/2025","16.66","16.36","16.92","15.75","","0.97%"
"07/30/2025","16.50","16.86","16.91","16.13","","-0.54%"
"07/29/2025","16.59","17.41","17.57","15.99","","-3.15%"
"07/28/2025","17.13","18.29","18.97","16.96","","-5.62%"
"07/27/2025","18.15","18.95","19.13","17.81","","7.59%"
"07/24/2025","16.87","16.21","17.23","14.49","","3.31%"
"07/23/2025","16.33","15.76","16.59","15.58","","-2.45%"
"07/22/2025","16.74","20.07","20.39","15.84","","5.68%"
"07/21/2025","15.84","22.96","23.75","15.84","","-4.86%"
"07/20/2025","16.65","19.47","20.85","16.14","","-0.06%"
"07/17/2025","16.66","18.65","18.82","16.12","","0.73%"
"07/16/2025","16.54","18.73","19.64","16.47","","-7.60%"
"07/15/2025","17.90","18.71","20.08","17.28","","-3.92%"
"07/14/2025","18.63","19.95","21.43","18.17","","6.70%"
"07/13/2025","17.46","19.33","19.36","16.79","","-1.47%"
"07/10/2025","17.72","18.13","19.00","17.40","","-0.11%"
"07/09/2025","17.74","19.89","20.10","17.58","","-7.70%"
"07/08/2025","19.22","21.47","21.53","18.27","","-6.83%"
"07/07/2025","20.63","20.13","21.77","19.25","","6.12%"
"07/06/2025","19.44","18.59","20.77","18.43","","9.46%"
"07/03/2025","17.76","18.13","19.09","17.46","","-1.88%"
"07/02/2025","18.10","18.57","18.81","16.61","","-1.09%"
"07/01/2025","18.30","17.90","18.44","16.84","","3.04%"
"06/30/2025","17.76","17.05","19.14","17.05","","3.14%"
"06/29/2025","17.22","17.65","18.05","16.71","","-2.44%"
"06/26/2025","17.65","18.61","18.61","17.21","","-3.18%"
"06/25/2025","18.23","18.23","18.66","17.26","","0.00%"
"06/24/2025","18.23","27.12","27.57","17.55","","-6.80%"
"06/23/2025","19.56","23.88","28.35","19.54","","-6.72%"
"06/22/2025","20.97","25.85","32.38","20.42","","-18.88%"
"06/19/2025","25.85","23.73","26.88","23.61","","8.93%"
"06/18/2025","23.73","26.35","28.38","23.41","","-9.94%"
"06/17/2025","26.35","26.49","28.05","25.63","","8.17%"
"06/16/2025","24.36","30.31","30.55","23.64","","-14.56%"
"06/15/2025","28.51","30.68","30.68","25.92","","12.20%"
"06/12/2025","25.41","20.27","26.42","20.27","","25.36%"
"06/11/2025","20.27","21.58","21.91","20.16","","-1.65%"
"06/10/2025","20.61","21.42","21.80","20.31","","0.34%"
"06/09/2025","20.54","20.41","20.87","19.73","","2.70%"
"06/08/2025","20.00","18.86","20.44","18.64","","8.52%"
"06/05/2025","18.43","18.90","19.74","18.29","","-4.61%"
"06/04/2025","19.32","17.53","19.59","17.24","","8.60%"
"06/03/2025","17.79","17.90","18.68","17.63","","5.27%"
"05/29/2025","16.90","16.55","17.43","15.44","","2.11%"
"05/28/2025","16.55","15.98","16.66","15.49","","5.41%"
"05/27/2025","15.70","19.50","19.50","15.54","","-3.09%"
"05/26/2025","16.20","16.07","16.66","15.54","","-2.23%"
"05/25/2025","16.57","18.03","18.32","16.18","","2.98%"
"05/22/2025","16.09","15.91","17.10","15.55","","-0.49%"
"05/21/2025","16.17","16.24","17.06","15.83","","0.43%"
"05/20/2025","16.10","15.97","16.52","15.23","","1.83%"
"05/19/2025","15.81","16.09","17.21","15.60","","-0.32%"
"05/18/2025","15.86","16.65","16.87","15.43","","1.60%"
"05/15/2025","15.61","15.88","16.14","14.55","","-1.45%"
"05/14/2025","15.84","15.84","16.39","15.06","","-1.31%"
"05/13/2025","16.05","17.24","17.45","15.88","","-4.41%"
"05/12/2025","16.79","15.28","17.58","15.04","","-0.47%"
"05/11/2025","16.87","16.82","17.53","16.46","","6.17%"
"05/08/2025","15.89","14.45","17.01","13.47","","8.91%"
"05/07/2025","14.59","14.60","14.97","13.99","","-1.35%"
"05/06/2025","14.79","15.03","15.31","14.00","","1.44%"
"05/05/2025","14.58","15.76","15.86","14.43","","-5.14%"
"05/04/2025","15.37","14.97","15.63","14.76","","1.32%"
"04/29/2025","15.17","15.62","15.72","14.85","","-2.13%"
"04/28/2025","15.50","15.65","15.68","15.19","","-0.13%"
"04/27/2025","15.52","15.58","15.96","15.45","","4.02%"
"04/24/2025","14.92","15.44","15.88","14.68","","-5.81%"
"04/23/2025","15.84","16.62","16.71","15.31","","-12.05%"
"04/22/2025","18.01","21.15","21.18","17.88","","0.78%"
"04/21/2025","17.87","17.74","18.37","17.28","","4.08%"
"04/20/2025","17.17","19.20","19.20","16.84","","2.26%"
"04/16/2025","16.79","19.18","19.18","16.48","","-6.31%"
"04/15/2025","17.92","20.59","20.73","17.86","","-9.86%"
"04/14/2025","19.88","20.94","21.28","19.76","","-5.06%"
"04/10/2025","20.94","18.55","21.64","18.39","","-13.26%"
"04/09/2025","24.14","23.37","26.18","22.90","","19.45%"
"04/08/2025","20.21","21.43","21.66","19.86","","-10.58%"
"04/07/2025","22.60","27.49","28.16","20.78","","1.44%"
"04/06/2025","22.28","21.17","22.93","19.64","","45.72%"
"04/03/2025","15.29","14.56","16.27","14.56","","5.01%"
"04/02/2025","14.56","16.03","16.03","14.33","","-9.62%"
"04/01/2025","16.11","15.98","16.93","15.59","","-5.01%"
"03/31/2025","16.96","17.78","18.79","16.79","","1.13%"
"03/30/2025","16.77","16.63","17.08","16.03","","13.69%"
"03/27/2025","14.75","16.80","17.33","14.55","","-9.34%"
"03/26/2025","16.27","14.84","16.92","14.81","","7.89%"
"03/25/2025","15.08","15.87","16.21","14.91","","-3.46%"
"03/24/2025","15.62","16.98","17.26","15.33","","-10.44%"
"03/23/2025","17.44","15.21","18.05","14.91","","28.61%"
"03/20/2025","13.56","11.90","14.34","11.79","","1.50%"
"03/19/2025","13.36","13.16","13.95","12.29","","1.14%"
"03/18/2025","13.21","12.83","13.82","12.46","","4.02%"
"03/17/2025","12.70","12.63","13.24","12.03","","1.93%"
"03/16/2025","12.46","12.36","12.74","11.92","","-2.66%"
"03/13/2025","12.80","13.11","13.88","12.64","","-4.76%"
"03/12/2025","13.44","14.46","14.46","12.75","","-8.57%"
"03/11/2025","14.70","15.40","16.54","14.55","","3.96%"
"03/10/2025","14.14","13.91","14.82","13.18","","4.82%"
"03/09/2025","13.49","13.22","14.10","13.04","","-2.46%"
"03/06/2025","13.83","14.52","14.86","13.66","","-3.02%"
"03/05/2025","14.26","14.44","14.79","13.85","","-6.06%"
"03/04/2025","15.18","14.07","15.71","13.30","","14.22%"
"03/03/2025","13.29","14.40","14.43","12.71","","-9.41%"
"03/02/2025","14.67","15.62","15.67","14.55","","-0.41%"
"02/27/2025","14.73","14.80","14.92","14.12","","-2.64%"
"02/26/2025","15.13","14.80","15.68","14.63","","-2.01%"
"02/25/2025","15.44","15.65","15.68","14.63","","0.26%"
"02/24/2025","15.40","14.90","15.82","14.86","","3.70%"
"02/23/2025","14.85","15.79","16.26","14.35","","9.43%"
"02/20/2025","13.57","13.37","13.77","12.46","","4.38%"
"02/19/2025","13.00","13.80","14.34","12.19","","-5.59%"
"02/18/2025","13.77","15.00","15.00","13.27","","-7.71%"
"02/17/2025","14.92","15.00","15.69","14.17","","-1.13%"
"02/16/2025","15.09","15.42","15.88","14.47","","2.44%"
"02/13/2025","14.73","17.04","17.19","14.42","","-13.61%"
"02/12/2025","17.05","15.82","17.58","15.41","","9.29%"
"02/11/2025","15.60","14.81","15.71","14.40","","10.09%"
"02/10/2025","14.17","14.67","15.58","13.92","","-3.80%"
"02/09/2025","14.73","15.23","15.34","14.53","","2.43%"
"02/06/2025","14.38","15.93","16.02","14.35","","-8.29%"
"02/05/2025","15.68","13.62","16.09","13.31","","12.81%"
"02/04/2025","13.90","13.73","14.72","13.60","","-2.11%"
"02/03/2025","14.20","15.30","15.39","14.13","","-2.20%"
"02/02/2025","14.52","15.31","15.36","14.43","","0.07%"
"01/30/2025","14.51","13.77","14.81","13.72","","5.37%"
"01/29/2025","13.77","13.70","14.08","13.38","","-0.22%"
"01/28/2025","13.80","16.87","17.00","13.65","","0.22%"
"01/27/2025","13.77","13.97","14.65","13.65","","6.74%"
"01/26/2025","12.90","12.92","13.20","12.56","","5.05%"
"01/23/2025","12.28","11.75","12.64","11.45","","-1.92%"
"01/22/2025","12.52","11.80","12.88","11.75","","0.48%"
"01/21/2025","12.46","12.25","12.93","12.01","","2.47%"
"01/20/2025","12.16","12.03","12.56","11.86","","0.75%"
"01/19/2025","12.07","12.35","12.42","11.52","","-0.82%"
"01/16/2025","12.17","12.57","13.00","11.87","","-7.17%"
"01/15/2025","13.11","13.62","14.30","12.97","","-1.50%"
"01/14/2025","13.31","13.77","14.08","12.88","","-6.27%"
"01/13/2025","14.20","13.11","14.46","13.11","","11.29%"
"01/12/2025","12.76","13.07","13.41","12.61","","5.37%"
"01/09/2025","12.11","12.89","12.92","11.59","","-3.66%"
"01/08/2025","12.57","12.35","13.09","11.92","","3.80%"
"01/07/2025","12.11","11.86","12.46","11.51","","6.04%"
"01/06/2025","11.42","12.19","12.30","11.31","","-4.03%"
"01/05/2025","11.90","12.49","12.57","11.83","","-2.22%"
"01/02/2025","12.17","12.20","12.94","11.97","","-3.57%"
"01/01/2025","12.62","13.77","13.94","12.57","","-5.89%"
"12/31/2024","13.41","14.17","14.20","13.19","","-5.36%"
"12/30/2024","14.17","14.47","14.49","13.81","","2.16%"
"12/29/2024","13.87","14.42","14.44","13.73","","3.82%"
"12/26/2024","13.36","13.71","13.87","13.33","","4.95%"
"12/25/2024","12.73","13.00","13.33","12.62","","1.19%"
"12/24/2024","12.58","12.95","13.04","12.42","","-3.23%"
"12/23/2024","13.00","13.36","13.46","12.50","","0.62%"
"12/22/2024","12.92","13.73","13.73","12.79","","-0.15%"
"12/19/2024","12.94","14.03","14.03","12.87","","3.27%"
"12/18/2024","12.53","13.22","13.81","12.42","","-3.98%"
"12/17/2024","13.05","13.50","14.36","12.86","","-2.90%"
"12/16/2024","13.44","13.96","14.60","12.85","","-4.00%"
"12/15/2024","14.00","14.08","14.51","13.41","","9.55%"
"12/12/2024","12.78","13.03","13.53","12.66","","-1.62%"
"12/11/2024","12.99","13.44","13.82","12.83","","-1.14%"
"12/10/2024","13.14","12.78","13.48","12.70","","2.90%"
"12/09/2024","12.77","13.00","13.32","12.36","","-0.78%"
"12/08/2024","12.87","13.38","13.67","12.80","","-1.00%"
"12/05/2024","13.00","13.71","13.82","12.92","","-5.11%"
"12/04/2024","13.70","13.76","14.34","13.44","","-0.94%"
"12/03/2024","13.83","15.11","15.26","13.62","","-6.68%"
"12/02/2024","14.82","15.07","15.38","14.52","","-1.59%"
"12/01/2024","15.06","15.69","15.74","14.70","","-0.73%"
"11/28/2024","15.17","14.90","15.36","13.89","","1.81%"
"11/27/2024","14.90","14.79","15.10","14.54","","2.26%"
"11/26/2024","14.57","19.14","19.14","14.35","","-0.61%"
"11/25/2024","14.66","14.94","15.15","13.96","","1.95%"
"11/24/2024","14.38","16.71","16.78","14.00","","-4.89%"
"11/21/2024","15.12","16.66","16.66","14.68","","-1.88%"
"11/20/2024","15.41","14.81","15.52","14.34","","4.69%"
"11/19/2024","14.72","15.97","17.71","14.63","","-1.34%"
"11/18/2024","14.92","14.04","15.63","13.75","","6.42%"
"11/17/2024","14.02","15.35","15.56","13.91","","-1.13%"
"11/14/2024","14.18","14.17","14.57","13.70","","-3.01%"
"11/13/2024","14.62","14.99","15.98","13.81","","0.62%"
"11/12/2024","14.53","15.04","15.16","13.97","","-2.35%"
"11/11/2024","14.88","14.52","15.21","14.08","","7.98%"
"11/10/2024","13.78","14.25","14.41","13.43","","-2.89%"
"11/07/2024","14.19","15.07","15.22","14.05","","-4.70%"
"11/06/2024","14.89","13.81","15.96","13.81","","-0.27%"
"11/05/2024","14.93","14.01","15.66","13.79","","5.44%"
"11/04/2024","14.16","14.23","14.95","13.91","","-0.63%"
"11/03/2024","14.25","15.10","15.28","13.96","","-1.18%"
"10/31/2024","14.42","13.85","15.10","13.57","","6.34%"
"10/30/2024","13.56","14.75","15.25","13.28","","-10.91%"
"10/29/2024","15.22","15.97","16.09","14.85","","-3.24%"
"10/28/2024","15.73","16.27","16.85","15.65","","-3.26%"
"10/27/2024","16.26","16.29","16.81","15.80","","-4.07%"
"10/22/2024","16.95","16.21","17.20","15.60","","4.57%"
"10/21/2024","16.21","17.17","17.17","15.72","","-5.59%"
"10/20/2024","17.17","21.31","21.31","15.94","","17.28%"
"10/15/2024","14.64","15.35","15.51","14.06","","-3.75%"
"10/14/2024","15.21","16.52","16.52","15.02","","-2.31%"
"10/13/2024","15.57","16.30","16.56","15.23","","-5.29%"
"10/10/2024","16.44","16.50","17.77","16.06","","-3.35%"
"10/09/2024","17.01","18.53","18.81","16.56","","-6.13%"
"10/08/2024","18.12","19.01","19.41","17.82","","-2.42%"
"10/07/2024","18.57","19.44","20.24","18.19","","-7.75%"
"10/06/2024","20.13","21.31","22.21","19.76","","4.90%"
"10/01/2024","19.19","16.59","19.80","15.68","","13.68%"
"09/30/2024","16.88","17.12","17.92","16.12","","-2.20%"
"09/29/2024","17.26","16.49","18.25","16.09","","4.61%"
"09/26/2024","16.50","18.34","18.39","15.62","","-13.25%"
"09/25/2024","19.02","18.22","19.46","17.11","","7.03%"
"09/24/2024","17.77","19.90","19.90","17.33","","-10.34%"
"09/23/2024","19.82","19.03","20.05","18.38","","3.93%"
"09/22/2024","19.07","29.39","30.65","18.85","","-8.36%"
"09/19/2024","20.81","23.22","24.01","20.38","","0.00%"
"09/18/2024","20.81","23.39","23.63","20.45","","-2.94%"
"09/17/2024","21.44","22.77","24.08","19.47","","9.11%"
"09/16/2024","19.65","19.11","21.87","17.85","","12.67%"
"09/15/2024","17.44","17.74","18.90","17.01","","3.69%"
"09/12/2024","16.82","15.94","17.72","15.71","","-4.97%"
"09/11/2024","17.70","18.49","18.99","16.45","","-1.34%"
"09/10/2024","17.94","18.16","19.03","17.11","","-1.27%"
"09/09/2024","18.17","17.08","19.70","16.95","","7.20%"
"09/08/2024","16.95","16.62","17.20","16.13","","12.77%"
"09/05/2024","15.03","17.13","17.49","14.63","","-14.11%"
"09/04/2024","17.50","19.87","19.93","17.36","","-2.18%"
"09/03/2024","17.89","16.56","18.34","16.10","","9.49%"
"09/02/2024","16.34","19.06","19.19","16.22","","-12.90%"
"09/01/2024","18.76","17.14","19.01","16.55","","14.11%"
"08/29/2024","16.44","18.57","18.59","16.39","","-9.92%"
"08/28/2024","18.25","18.14","18.45","17.88","","-1.14%"
"08/27/2024","18.46","18.79","19.21","18.14","","-4.30%"
"08/26/2024","19.29","22.46","22.56","18.98","","-5.99%"
"08/25/2024","20.52","23.48","25.98","20.04","","-0.82%"
"08/22/2024","20.69","20.42","21.89","19.02","","2.78%"
"08/21/2024","20.13","18.53","20.86","17.23","","11.22%"
"08/20/2024","18.10","20.16","20.17","17.98","","-11.84%"
"08/19/2024","20.53","19.86","23.10","19.46","","11.88%"
"08/18/2024","18.35","19.89","20.50","18.21","","-3.47%"
"08/15/2024","19.01","21.27","21.52","18.87","","-9.73%"
"08/14/2024","21.06","21.59","22.30","20.97","","-8.91%"
"08/12/2024","23.12","22.74","23.98","21.52","","13.11%"
"08/11/2024","20.44","22.06","22.10","20.25","","-8.91%"
"08/08/2024","22.44","24.01","25.16","21.71","","-6.54%"
"08/07/2024","24.01","24.19","24.65","23.33","","-4.87%"
"08/06/2024","25.24","24.66","26.74","24.42","","-4.75%"
"08/05/2024","26.50","26.38","28.29","24.64","","7.77%"
"08/04/2024","24.59","26.74","26.74","24.05","","8.47%"
"08/01/2024","22.67","20.67","24.01","20.66","","9.68%"
"07/31/2024","20.67","21.77","22.89","19.04","","-1.43%"
"07/30/2024","20.97","18.95","21.15","18.73","","11.90%"
"07/29/2024","18.74","19.00","19.79","17.61","","-7.87%"
"07/28/2024","20.34","17.56","21.21","17.28","","26.34%"
"07/25/2024","16.10","17.49","17.56","15.81","","-4.05%"
"07/24/2024","16.78","15.32","17.06","15.09","","7.36%"
"07/23/2024","15.63","15.66","16.02","15.26","","0.51%"
"07/22/2024","15.55","16.38","16.48","15.43","","-5.36%"
"07/21/2024","16.43","19.16","19.61","16.01","","6.41%"
"07/18/2024","15.44","16.09","16.37","15.12","","-0.19%"
"07/17/2024","15.47","16.21","16.48","15.17","","0.26%"
"07/16/2024","15.43","18.61","19.32","15.30","","-6.14%"
"07/15/2024","16.44","18.00","18.69","16.37","","-4.42%"
"07/14/2024","17.20","17.83","19.15","16.86","","9.21%"
"07/11/2024","15.75","17.02","17.31","15.64","","-10.56%"
"07/10/2024","17.61","16.72","17.70","16.46","","3.22%"
"07/09/2024","17.06","17.50","18.00","15.90","","-2.90%"
"07/08/2024","17.57","19.65","19.95","17.22","","-7.72%"
"07/07/2024","19.04","19.17","19.85","18.33","","2.04%"
"07/04/2024","18.66","16.62","19.86","16.31","","12.41%"
"07/03/2024","16.60","16.88","18.14","15.95","","-3.21%"
"07/02/2024","17.15","18.56","18.67","16.86","","-4.51%"
"07/01/2024","17.96","18.15","18.45","17.44","","-0.88%"
"06/30/2024","18.12","18.16","18.84","17.77","","-0.77%"
"06/27/2024","18.26","18.69","20.46","17.95","","2.35%"
"06/26/2024","17.84","18.71","19.05","17.73","","-5.66%"
"06/25/2024","18.91","21.15","21.23","18.86","","-8.56%"
"06/24/2024","20.68","20.90","20.90","18.35","","8.10%"
"06/23/2024","19.13","22.62","23.54","19.03","","5.23%"
"06/20/2024","18.18","16.51","18.48","16.03","","11.81%"
"06/19/2024","16.26","15.64","16.64","15.32","","-1.28%"
"06/18/2024","16.47","15.23","16.99","15.13","","-2.60%"
"06/17/2024","16.91","18.93","19.51","16.66","","-9.77%"
"06/16/2024","18.74","17.92","18.95","17.09","","3.19%"
"06/13/2024","18.16","19.99","20.19","17.60","","-9.38%"
"06/10/2024","20.04","21.25","22.09","19.83","","-0.64%"
"06/09/2024","20.17","21.73","22.05","19.88","","-8.48%"
"06/06/2024","22.04","19.83","24.23","18.98","","17.92%"
"06/05/2024","18.69","17.19","19.79","16.89","","119.37%"
"06/02/2024","8.52","7.88","9.26","6.65","","-42.32%"
"05/30/2024","14.77","14.94","15.72","14.61","","-1.14%"
"05/29/2024","14.94","14.69","15.35","14.42","","1.70%"
"05/28/2024","14.69","14.23","15.20","13.85","","-1.01%"
"05/27/2024","14.84","14.35","15.50","14.27","","-2.88%"
"05/26/2024","15.28","18.66","18.66","15.04","","-5.56%"
"05/23/2024","16.18","17.59","17.81","16.08","","-6.04%"
"05/22/2024","17.22","18.23","18.79","16.18","","-3.42%"
"05/21/2024","17.83","16.57","18.82","15.58","","6.26%"
"05/20/2024","16.78","18.06","18.84","16.03","","-4.50%"
"05/19/2024","17.57","18.60","19.23","17.11","","9.27%"
"05/16/2024","16.08","15.87","16.81","15.46","","4.96%"
"05/15/2024","15.32","15.38","16.22","14.91","","2.82%"
"05/12/2024","14.90","15.43","15.84","14.25","","-1.19%"
"05/09/2024","15.08","15.71","16.11","15.00","","-2.84%"
"05/08/2024","15.52","16.64","17.36","15.20","","-7.34%"
"05/07/2024","16.75","18.38","18.87","16.61","","-8.87%"
"05/06/2024","18.38","17.39","18.52","16.42","","5.81%"
"05/05/2024","17.37","16.46","17.81","16.17","","4.39%"
"05/02/2024","16.64","16.99","17.67","16.35","","-7.71%"
"05/01/2024","18.03","17.19","18.45","17.13","","8.48%"
"04/30/2024","16.62","19.48","19.51","16.10","","-0.18%"
"04/25/2024","16.65","17.66","17.66","16.10","","-5.72%"
"04/24/2024","17.66","17.01","17.68","15.86","","-0.23%"
"04/21/2024","17.70","19.47","21.97","17.43","","-15.11%"
"04/18/2024","20.85","24.79","26.56","20.52","","-13.95%"
"04/17/2024","24.23","27.68","27.84","23.61","","-1.62%"
"04/16/2024","24.63","24.75","27.82","23.72","","-0.48%"
"04/15/2024","24.75","20.83","25.51","18.97","","2.91%"
"04/14/2024","24.05","27.21","30.42","23.71","","-7.00%"
"04/11/2024","25.86","22.07","26.07","22.07","","17.17%"
"04/10/2024","22.07","21.95","23.76","19.84","","7.61%"
"04/09/2024","20.51","19.96","21.17","19.80","","10.57%"
"04/08/2024","18.55","19.51","19.81","17.82","","-13.24%"
"04/07/2024","21.38","23.77","25.84","21.23","","-10.05%"
"04/04/2024","23.77","20.01","24.61","20.01","","18.79%"
"04/03/2024","20.01","20.34","22.49","19.78","","1.01%"
"04/02/2024","19.81","17.23","21.31","17.04","","17.71%"
"04/01/2024","16.83","17.43","17.58","16.58","","-2.43%"
"03/31/2024","17.25","17.06","17.32","16.39","","4.80%"
"03/28/2024","16.46","15.26","17.28","15.17","","7.86%"
"03/27/2024","15.26","14.84","15.50","13.94","","7.24%"
"03/26/2024","14.23","16.27","16.52","13.85","","2.74%"
"03/25/2024","13.85","13.95","15.21","13.33","","1.32%"
"03/21/2024","13.67","12.94","14.20","12.85","","-4.67%"
"03/20/2024","14.34","14.29","15.19","13.31","","-6.09%"
"03/19/2024","15.27","14.83","15.72","14.12","","-5.33%"
"03/18/2024","16.13","16.35","17.19","15.68","","-4.56%"
"03/17/2024","16.90","18.56","19.25","16.78","","-4.90%"
"03/14/2024","17.77","18.00","19.12","17.25","","-0.62%"
"03/13/2024","17.88","18.28","18.81","17.55","","0.06%"
"03/12/2024","17.87","17.15","18.91","17.12","","4.20%"
"03/11/2024","17.15","16.86","17.82","16.30","","3.38%"
"03/10/2024","16.59","15.35","17.04","15.35","","8.08%"
"03/07/2024","15.35","14.59","15.84","14.59","","4.35%"
"03/06/2024","14.71","14.96","15.01","14.37","","2.08%"
"03/05/2024","14.41","14.30","14.68","14.14","","3.82%"
"03/04/2024","13.88","13.41","14.20","13.41","","5.31%"
"03/03/2024","13.18","13.10","13.35","12.55","","-0.45%"
"02/29/2024","13.24","13.65","13.68","12.97","","-2.79%"
"02/28/2024","13.62","12.77","14.03","12.56","","8.18%"
"02/26/2024","12.59","12.94","13.45","12.28","","0.56%"
"02/25/2024","12.52","13.24","13.40","12.38","","-3.25%"
"02/22/2024","12.94","13.70","13.70","12.68","","-5.55%"
"02/21/2024","13.70","14.62","14.73","13.65","","-9.21%"
"02/20/2024","15.09","21.00","21.03","14.54","","-3.52%"
"02/19/2024","15.64","15.11","15.73","14.93","","6.25%"
"02/18/2024","14.72","17.68","17.68","14.64","","-1.67%"
"02/15/2024","14.97","15.91","16.18","14.82","","-4.22%"
"02/14/2024","15.63","17.35","17.58","15.55","","-2.68%"
"02/13/2024","16.06","17.05","17.32","15.65","","-1.65%"
"02/12/2024","16.33","16.90","17.32","16.13","","-5.22%"
"02/11/2024","17.23","18.81","18.90","17.09","","3.30%"
"02/08/2024","16.68","16.17","17.13","15.98","","3.15%"
"02/07/2024","16.17","16.62","17.13","15.89","","-1.76%"
"02/06/2024","16.46","17.80","18.36","16.30","","-8.04%"
"02/05/2024","17.90","18.73","19.06","17.26","","-3.35%"
"02/04/2024","18.52","18.76","18.86","18.18","","0.43%"
"02/01/2024","18.44","17.42","19.25","17.42","","5.86%"
"01/31/2024","17.42","16.05","17.74","15.92","","7.00%"
"01/30/2024","16.28","15.63","16.36","15.28","","8.32%"
"01/29/2024","15.03","15.90","16.29","14.94","","-4.75%"
"01/28/2024","15.78","15.80","16.43","15.70","","2.27%"
"01/25/2024","15.43","16.17","16.17","15.23","","-0.39%"
"01/24/2024","15.49","15.51","15.94","15.02","","-5.32%"
"01/23/2024","16.36","22.06","23.22","16.00","","-1.51%"
"01/22/2024","16.61","20.22","20.28","15.70","","-1.31%"
"01/21/2024","16.83","20.57","20.97","16.56","","-1.92%"
"01/18/2024","17.16","20.19","20.36","16.77","","-4.19%"
"01/17/2024","17.91","21.19","21.57","17.71","","0.00%"
"01/16/2024","17.91","17.35","19.60","17.35","","3.23%"
"01/15/2024","17.35","18.58","19.18","17.24","","-2.47%"
"01/14/2024","17.79","18.10","18.46","16.91","","6.53%"
"01/11/2024","16.70","17.51","17.72","16.30","","-5.92%"
"01/10/2024","17.75","17.37","18.68","17.34","","1.14%"
"01/09/2024","17.55","17.10","18.13","17.06","","4.65%"
"01/08/2024","16.77","17.66","18.91","16.59","","-0.77%"
"01/07/2024","16.90","16.52","17.90","16.52","","2.30%"
"01/04/2024","16.52","16.98","17.27","16.35","","-2.99%"
"01/03/2024","17.03","16.54","17.48","16.41","","7.24%"
"01/02/2024","15.88","15.60","16.41","15.45","","2.39%"
"01/01/2024","15.51","15.96","16.42","15.19","","-1.77%"
"12/31/2023","15.79","17.10","17.10","15.62","","-1.25%"
"12/28/2023","15.99","15.62","16.70","15.18","","2.37%"
"12/27/2023","15.62","17.90","18.30","15.53","","-12.74%"
"12/26/2023","17.90","18.01","18.42","15.43","","14.38%"
"12/25/2023","15.65","21.44","21.44","15.30","","-3.10%"
"12/24/2023","16.15","15.97","16.51","15.38","","3.93%"
"12/21/2023","15.54","17.62","17.65","15.18","","1.70%"
"12/20/2023","15.28","15.37","15.50","14.60","","-1.42%"
"12/19/2023","15.50","17.81","18.03","15.34","","-5.95%"
"12/18/2023","16.48","18.02","18.39","16.06","","-2.37%"
"12/17/2023","16.88","17.82","18.67","16.75","","5.11%"
"12/14/2023","16.06","16.03","16.44","15.55","","-8.12%"
"12/13/2023","17.48","17.49","18.12","16.86","","1.27%"
"12/12/2023","17.26","16.85","17.64","16.72","","0.00%"
"12/11/2023","17.26","17.04","17.55","16.63","","6.48%"
"12/10/2023","16.21","15.56","16.55","15.43","","1.19%"
"12/07/2023","16.02","16.60","16.81","15.84","","0.13%"
"12/06/2023","16.00","16.06","16.42","15.79","","-3.03%"
"12/05/2023","16.50","17.23","17.28","16.35","","-3.79%"
"12/04/2023","17.15","17.14","17.71","16.67","","2.51%"
"12/03/2023","16.73","17.74","17.83","16.32","","-5.96%"
"11/30/2023","17.79","15.83","18.08","15.43","","20.45%"
"11/29/2023","14.77","14.39","14.99","13.74","","0.00%"
"11/28/2023","14.77","18.77","19.24","14.56","","-4.65%"
"11/27/2023","15.49","15.12","16.12","15.03","","2.51%"
"11/26/2023","15.11","14.78","15.82","14.49","","-0.46%"
"11/23/2023","15.18","15.59","16.27","14.83","","-2.63%"
"11/22/2023","15.59","17.69","17.69","15.46","","-11.87%"
"11/21/2023","17.69","19.86","20.51","17.17","","2.14%"
"11/20/2023","17.32","19.60","19.81","17.21","","-9.41%"
"11/19/2023","19.12","20.14","20.65","18.56","","5.00%"
"11/16/2023","18.21","21.42","21.42","16.81","","-7.61%"
"11/15/2023","19.71","21.07","21.65","19.63","","-6.54%"
"11/14/2023","21.09","23.84","25.10","20.10","","-16.84%"
"11/13/2023","25.36","26.42","27.96","25.16","","3.89%"
"11/12/2023","24.41","21.55","25.59","20.76","","15.36%"
"11/09/2023","21.16","20.39","21.30","19.92","","2.87%"
"11/08/2023","20.57","18.29","20.71","17.77","","12.40%"
"11/07/2023","18.30","19.66","19.72","18.16","","-6.92%"
"11/06/2023","19.66","19.43","20.07","18.38","","2.77%"
"11/05/2023","19.13","19.85","20.46","18.42","","-12.61%"
"11/02/2023","21.89","21.81","22.57","19.35","","0.37%"
"11/01/2023","21.81","22.67","22.86","20.90","","-2.46%"
"10/31/2023","22.36","21.72","22.95","21.07","","0.81%"
"10/30/2023","22.18","23.96","24.22","21.86","","-9.47%"
"10/29/2023","24.50","26.53","26.53","24.12","","-4.45%"
"10/26/2023","25.64","27.54","28.58","25.14","","-6.90%"
"10/25/2023","27.54","27.33","28.50","26.58","","0.77%"
"10/24/2023","27.33","34.49","35.36","27.01","","-2.60%"
"10/23/2023","28.06","29.69","30.27","27.37","","2.78%"
"10/22/2023","27.30","31.73","31.73","27.09","","5.12%"
"10/19/2023","25.97","28.97","29.11","25.02","","-1.78%"
"10/18/2023","26.44","28.07","28.35","25.83","","-0.90%"
"10/17/2023","26.68","27.32","29.44","26.56","","-2.34%"
"10/16/2023","27.32","28.72","28.79","25.54","","-4.81%"
"10/15/2023","28.70","31.40","32.95","28.06","","7.81%"
"10/12/2023","26.62","26.63","28.30","24.46","","-3.62%"
"10/11/2023","27.62","25.42","28.75","23.79","","8.06%"
"10/10/2023","25.56","28.43","28.43","23.90","","-10.09%"
"10/09/2023","28.43","26.43","30.12","25.95","","7.57%"
"10/08/2023","26.43","20.57","27.80","20.18","","96.21%"
"10/05/2023","13.47","13.74","14.12","13.35","","-4.06%"
"10/04/2023","14.04","14.42","14.96","13.70","","2.86%"
"10/03/2023","13.65","13.55","13.89","13.18","","2.25%"
"10/02/2023","13.35","13.27","13.57","13.00","","1.14%"
"10/01/2023","13.20","14.45","14.47","13.15","","-10.33%"
"09/28/2023","14.72","15.36","15.99","14.10","","-4.17%"
"09/27/2023","15.36","16.56","16.71","15.09","","-4.18%"
"09/26/2023","16.03","20.09","20.09","15.47","","10.02%"
"09/21/2023","14.57","15.53","17.71","13.55","","-6.18%"
"09/20/2023","15.53","15.29","16.00","14.63","","-2.45%"
"09/19/2023","15.92","15.56","16.10","14.77","","0.25%"
"09/18/2023","15.88","16.29","16.68","15.38","","9.52%"
"09/14/2023","14.50","16.35","16.35","14.35","","-12.33%"
"09/13/2023","16.54","17.23","17.29","16.45","","-3.33%"
"09/12/2023","17.11","18.07","19.00","16.50","","-5.47%"
"09/11/2023","18.10","17.60","18.25","16.96","","4.08%"
"09/10/2023","17.39","17.92","18.03","16.98","","4.82%"
"09/07/2023","16.59","15.53","17.20","15.48","","8.50%"
"09/06/2023","15.29","15.00","15.78","14.94","","2.76%"
"09/05/2023","14.88","14.98","15.46","14.09","","-0.80%"
"09/04/2023","15.00","13.90","15.03","13.80","","11.52%"
"09/03/2023","13.45","13.05","13.62","13.01","","7.86%"
"08/31/2023","12.47","13.27","13.37","12.40","","-4.88%"
"08/30/2023","13.11","13.23","13.80","12.97","","-2.46%"
"08/29/2023","13.44","15.02","15.20","13.14","","3.46%"
"08/28/2023","12.99","13.47","13.52","12.91","","-3.71%"
"08/27/2023","13.49","14.14","14.33","13.33","","-0.15%"
"08/24/2023","13.51","14.55","14.55","13.42","","-7.15%"
"08/23/2023","14.55","14.30","14.81","13.54","","1.75%"
"08/22/2023","14.30","14.78","15.51","13.98","","-3.77%"
"08/21/2023","14.86","18.62","18.62","14.61","","-3.19%"
"08/20/2023","15.35","18.08","18.96","15.19","","3.65%"
"08/17/2023","14.81","15.37","16.63","14.76","","-3.64%"
"08/16/2023","15.37","17.37","17.50","15.14","","1.25%"
"08/15/2023","15.18","16.62","17.31","15.01","","-1.62%"
"08/14/2023","15.43","15.65","16.39","15.07","","4.26%"
"08/13/2023","14.80","15.53","15.64","14.48","","4.45%"
"08/10/2023","14.17","15.35","15.81","14.10","","-4.51%"
"08/09/2023","14.84","15.57","16.55","14.63","","-6.08%"
"08/08/2023","15.80","16.80","16.80","15.59","","1.22%"
"08/07/2023","15.61","16.61","16.71","15.43","","-3.28%"
"08/06/2023","16.14","17.10","17.23","16.01","","0.12%"
"08/03/2023","16.12","15.90","16.60","15.50","","1.38%"
"08/02/2023","15.90","16.31","16.45","15.42","","1.60%"
"08/01/2023","15.65","16.56","17.16","15.51","","-5.50%"
"07/31/2023","16.56","17.52","17.85","16.42","","-2.30%"
"07/30/2023","16.95","16.51","17.15","15.98","","3.35%"
"07/26/2023","16.40","19.06","19.06","16.33","","-13.96%"
"07/25/2023","19.06","17.95","19.30","17.40","","6.18%"
"07/24/2023","17.95","16.82","17.98","16.51","","6.72%"
"07/23/2023","16.82","26.14","26.85","16.11","","5.59%"
"07/20/2023","15.93","20.29","20.78","15.87","","-0.44%"
"07/19/2023","16.00","19.58","19.99","14.69","","-0.87%"
"07/18/2023","16.14","18.22","20.29","15.83","","-6.00%"
"07/17/2023","17.17","17.28","18.19","16.42","","2.94%"
"07/16/2023","16.68","18.12","18.35","16.24","","7.20%"
"07/13/2023","15.56","15.95","16.42","15.14","","3.87%"
"07/12/2023","14.98","15.18","15.40","14.46","","0.20%"
"07/11/2023","14.95","14.92","15.49","14.64","","0.20%"
"07/10/2023","14.92","15.51","16.07","14.76","","-1.26%"
"07/09/2023","15.11","14.16","15.20","14.14","","12.68%"
"07/06/2023","13.41","13.51","13.96","13.01","","2.60%"
"07/05/2023","13.07","13.66","13.95","12.94","","-1.73%"
"07/04/2023","13.30","14.14","14.26","13.22","","-5.74%"
"07/03/2023","14.11","14.80","14.85","14.00","","-1.33%"
"07/02/2023","14.30","15.89","15.89","14.24","","-6.29%"
"06/29/2023","15.26","16.47","16.76","15.15","","-7.35%"
"06/28/2023","16.47","17.70","17.78","16.18","","-6.47%"
"06/27/2023","17.61","17.71","18.21","17.45","","-0.56%"
"06/26/2023","17.71","19.72","20.16","17.40","","-1.45%"
"06/25/2023","17.97","19.66","19.84","17.82","","1.41%"
"06/22/2023","17.72","20.28","20.28","17.60","","-1.77%"
"06/21/2023","18.04","19.65","20.16","17.42","","-2.70%"
"06/20/2023","18.54","19.72","20.19","18.20","","-1.23%"
"06/19/2023","18.77","20.53","20.60","18.25","","-2.59%"
"06/18/2023","19.27","18.65","20.79","18.47","","9.36%"
"06/15/2023","17.62","18.30","18.37","16.90","","-2.33%"
"06/14/2023","18.04","18.04","18.90","16.53","","5.99%"
"06/13/2023","17.02","17.38","17.64","16.83","","-1.96%"
"06/12/2023","17.36","17.34","17.85","17.08","","3.83%"
"06/11/2023","16.72","16.15","17.37","16.15","","3.53%"
"06/08/2023","16.15","16.73","17.07","15.76","","-0.55%"
"06/07/2023","16.24","15.28","16.34","15.25","","6.91%"
"06/06/2023","15.19","15.70","15.92","15.10","","-1.43%"
"06/05/2023","15.41","15.71","15.99","15.19","","0.20%"
"06/04/2023","15.38","16.28","16.67","15.35","","-1.28%"
"06/01/2023","15.58","16.26","16.47","15.49","","-4.18%"
"05/31/2023","16.26","16.56","16.57","15.84","","-0.91%"
"05/30/2023","16.41","16.38","16.68","16.06","","1.36%"
"05/29/2023","16.19","16.20","16.58","16.01","","-0.25%"
"05/28/2023","16.23","17.71","17.71","16.04","","-3.28%"
"05/24/2023","16.78","16.71","16.93","15.95","","2.01%"
"05/23/2023","16.45","15.14","16.95","15.12","","-5.73%"
"05/22/2023","17.45","18.23","19.05","16.18","","10.23%"
"05/21/2023","15.83","18.09","18.09","15.61","","5.11%"
"05/18/2023","15.06","15.65","15.81","14.58","","-3.77%"
"05/17/2023","15.65","16.11","16.26","15.02","","0.58%"
"05/16/2023","15.56","16.53","16.88","15.40","","-3.59%"
"05/15/2023","16.14","17.09","17.17","15.64","","-1.34%"
"05/14/2023","16.36","16.59","17.54","16.28","","4.87%"
"05/11/2023","15.60","15.42","15.89","15.01","","-0.45%"
"05/10/2023","15.67","16.87","16.99","15.06","","-6.45%"
"05/09/2023","16.75","16.60","16.91","16.14","","3.46%"
"05/08/2023","16.19","16.48","16.88","16.01","","0.56%"
"05/07/2023","16.10","15.85","16.36","15.64","","-0.74%"
"05/04/2023","16.22","17.94","17.94","15.68","","-6.41%"
"05/03/2023","17.33","18.14","18.47","16.83","","-1.31%"
"05/02/2023","17.56","16.94","17.87","16.67","","8.26%"
"05/01/2023","16.22","16.45","16.85","16.13","","-0.31%"
"04/30/2023","16.27","16.12","16.35","15.80","","0.00%"
"04/27/2023","16.27","17.12","17.39","16.01","","-1.09%"
"04/24/2023","16.45","17.27","17.45","16.16","","0.55%"
"04/23/2023","16.36","16.09","16.91","15.71","","-0.12%"
"04/20/2023","16.38","16.31","16.71","14.78","","-1.27%"
"04/19/2023","16.59","17.31","17.58","16.47","","-5.20%"
"04/18/2023","17.50","19.78","19.98","17.41","","-8.33%"
"04/17/2023","19.09","19.41","19.96","18.37","","-0.05%"
"04/16/2023","19.10","20.92","21.20","18.83","","0.32%"
"04/13/2023","19.04","18.81","21.26","18.21","","4.10%"
"04/10/2023","18.29","18.10","18.52","17.22","","3.98%"
"04/09/2023","17.59","18.65","18.88","16.92","","4.27%"
"04/04/2023","16.87","17.72","18.33","16.78","","-4.80%"
"04/03/2023","17.72","18.69","19.32","17.53","","-5.19%"
"04/02/2023","18.69","20.39","20.39","18.64","","-4.35%"
"03/30/2023","19.54","21.81","21.91","19.42","","-10.41%"
"03/29/2023","21.81","21.69","22.68","21.17","","0.55%"
"03/28/2023","21.69","23.73","23.73","20.38","","-8.60%"
"03/27/2023","23.73","22.20","24.77","21.09","","6.89%"
"03/26/2023","22.20","28.44","29.88","20.83","","13.15%"
"03/23/2023","19.62","20.81","24.50","18.79","","-5.72%"
"03/22/2023","20.81","24.26","24.44","19.64","","-3.39%"
"03/21/2023","21.54","25.58","27.40","21.03","","-8.54%"
"03/20/2023","23.55","28.12","29.13","22.68","","-13.64%"
"03/19/2023","27.27","26.37","28.14","25.27","","13.39%"
"03/16/2023","24.05","26.80","29.05","23.90","","-8.52%"
"03/15/2023","26.29","23.41","27.28","22.61","","15.76%"
"03/14/2023","22.71","25.14","26.13","22.09","","-5.49%"
"03/13/2023","24.03","22.77","26.23","21.99","","6.05%"
"03/12/2023","22.66","17.31","22.86","17.31","","30.91%"
"03/09/2023","17.31","19.42","20.30","16.88","","-10.87%"
"03/08/2023","19.42","23.70","23.70","19.21","","-7.83%"
"03/06/2023","21.07","21.22","21.55","18.49","","2.13%"
"03/05/2023","20.63","20.15","21.23","19.72","","-3.37%"
"03/02/2023","21.35","22.30","23.44","21.16","","-4.26%"
"03/01/2023","22.30","20.26","23.07","19.20","","6.24%"
"02/28/2023","20.99","24.36","24.51","20.70","","-1.64%"
"02/27/2023","21.34","23.90","27.77","21.20","","-5.24%"
"02/26/2023","22.52","25.69","26.21","21.20","","10.45%"
"02/23/2023","20.39","18.78","20.92","18.15","","9.45%"
"02/22/2023","18.63","20.16","21.39","17.87","","-7.59%"
"02/21/2023","20.16","24.73","26.01","19.12","","6.95%"
"02/20/2023","18.85","23.36","24.38","18.64","","-1.41%"
"02/19/2023","19.12","22.35","23.35","19.03","","5.69%"
"02/16/2023","18.09","18.69","20.23","17.58","","-6.56%"
"02/15/2023","19.36","20.14","20.42","17.44","","4.20%"
"02/14/2023","18.58","21.03","21.78","18.31","","-2.82%"
"02/13/2023","19.12","22.76","24.13","18.93","","-9.43%"
"02/12/2023","21.11","18.73","23.95","18.73","","12.71%"
"02/09/2023","18.73","17.93","19.65","16.85","","4.46%"
"02/08/2023","17.93","16.60","18.68","16.05","","5.97%"
"02/07/2023","16.92","16.88","17.39","15.87","","0.18%"
"02/06/2023","16.89","15.94","17.49","15.68","","12.83%"
"02/05/2023","14.97","15.04","15.76","14.69","","6.40%"
"02/02/2023","14.07","14.87","15.34","13.97","","-12.77%"
"02/01/2023","16.13","15.72","16.68","15.44","","-0.86%"
"01/31/2023","16.27","18.21","18.87","16.20","","-6.49%"
"01/30/2023","17.40","19.53","19.84","16.04","","-6.90%"
"01/29/2023","18.69","17.40","19.22","17.28","","17.33%"
"01/26/2023","15.93","14.67","16.42","14.08","","8.22%"
"01/25/2023","14.72","13.85","15.09","13.59","","6.28%"
"01/24/2023","13.85","13.77","14.56","13.29","","0.58%"
"01/23/2023","13.77","16.88","17.13","13.61","","-1.99%"
"01/22/2023","14.05","14.88","15.42","13.67","","-1.95%"
"01/19/2023","14.33","14.63","14.91","14.13","","1.92%"
"01/18/2023","14.06","15.35","15.46","13.85","","-5.26%"
"01/17/2023","14.84","15.14","15.46","14.65","","0.75%"
"01/16/2023","14.73","14.94","15.14","14.48","","0.41%"
"01/15/2023","14.67","16.49","16.49","14.51","","-13.45%"
"01/12/2023","16.95","16.50","17.91","15.79","","7.69%"
"01/11/2023","15.74","15.57","15.99","15.12","","3.42%"
"01/10/2023","15.22","15.10","15.79","14.98","","1.94%"
"01/09/2023","14.93","14.68","15.13","14.24","","6.04%"
"01/08/2023","14.08","14.64","14.90","13.97","","-6.94%"
"01/05/2023","15.13","15.30","16.04","14.73","","-0.59%"
"01/04/2023","15.22","15.95","16.02","14.45","","-5.47%"
"01/03/2023","16.10","16.62","16.69","15.16","","-2.25%"
"01/02/2023","16.47","17.29","17.47","16.06","","-3.97%"
"01/01/2023","17.15","17.21","17.37","16.35","","5.54%"
"12/29/2022","16.25","16.03","17.46","15.93","","1.37%"
"12/28/2022","16.03","16.30","17.69","15.34","","-1.66%"
"12/27/2022","16.30","22.44","22.91","15.73","","-9.44%"
"12/26/2022","18.00","20.20","20.46","17.40","","-2.91%"
"12/25/2022","18.54","19.06","19.82","17.20","","8.93%"
"12/22/2022","17.02","16.26","17.42","16.03","","5.45%"
"12/21/2022","16.14","17.42","17.75","15.98","","-7.56%"
"12/20/2022","17.46","18.19","18.31","16.24","","0.17%"
"12/19/2022","17.43","18.35","18.35","17.03","","-2.63%"
"12/18/2022","17.90","19.52","19.60","17.52","","0.28%"
"12/15/2022","17.85","18.95","19.01","17.17","","0.68%"
"12/14/2022","17.73","17.66","18.41","17.32","","4.85%"
"12/13/2022","16.91","19.30","20.43","16.41","","-10.77%"
"12/12/2022","18.95","17.61","19.03","17.49","","10.11%"
"12/11/2022","17.21","17.76","18.42","17.08","","1.71%"
"12/08/2022","16.92","17.42","18.02","16.31","","-2.87%"
"12/07/2022","17.42","17.85","18.49","17.11","","0.75%"
"12/06/2022","17.29","16.57","17.67","16.45","","5.81%"
"12/05/2022","16.34","16.73","16.97","15.84","","0.12%"
"12/04/2022","16.32","16.43","16.71","15.66","","6.60%"
"12/01/2022","15.31","16.19","16.21","15.03","","-5.44%"
"11/30/2022","16.19","15.18","16.44","15.18","","6.65%"
"11/29/2022","15.18","19.50","19.97","14.96","","-8.66%"
"11/28/2022","16.62","19.04","19.04","16.38","","-0.66%"
"11/27/2022","16.73","16.26","16.98","16.17","","6.56%"
"11/24/2022","15.70","16.78","17.34","14.90","","-6.44%"
"11/23/2022","16.78","17.43","17.43","15.78","","-3.73%"
"11/22/2022","17.43","23.83","24.59","17.27","","-6.39%"
"11/21/2022","18.62","20.91","20.91","17.46","","9.08%"
"11/20/2022","17.07","22.58","22.62","16.52","","-9.11%"
"11/17/2022","18.78","15.96","18.99","15.41","","22.58%"
"11/16/2022","15.32","15.87","16.07","15.13","","-1.61%"
"11/15/2022","15.57","17.47","17.60","15.40","","-3.47%"
"11/14/2022","16.13","17.30","17.86","16.05","","-0.62%"
"11/13/2022","16.23","20.02","20.04","16.07","","-4.98%"
"11/10/2022","17.08","17.29","18.66","16.51","","4.53%"
"11/09/2022","16.34","16.09","16.91","15.74","","4.28%"
"11/08/2022","15.67","17.21","18.04","14.78","","-7.22%"
"11/07/2022","16.89","16.47","17.05","16.13","","4.45%"
"11/06/2022","16.17","18.33","18.98","15.91","","-12.78%"
"11/03/2022","18.54","19.88","20.18","18.18","","-2.57%"
"11/02/2022","19.03","18.85","19.52","18.65","","3.42%"
"10/31/2022","18.40","17.04","19.00","16.94","","9.79%"
"10/30/2022","16.76","15.82","16.85","15.33","","1.45%"
"10/27/2022","16.52","16.45","17.34","16.19","","0.43%"
"10/26/2022","16.45","18.70","18.74","16.38","","-9.12%"
"10/25/2022","18.10","18.79","19.47","18.00","","-1.09%"
"10/24/2022","18.30","19.83","19.83","17.28","","5.17%"
"10/23/2022","17.40","19.18","19.40","16.96","","-7.94%"
"10/20/2022","18.90","20.04","20.69","18.59","","3.17%"
"10/19/2022","18.32","20.35","20.95","18.19","","-0.22%"
"10/18/2022","18.36","19.19","20.01","18.17","","-13.48%"
"10/13/2022","21.22","19.85","23.08","19.85","","6.90%"
"10/12/2022","19.85","19.57","21.36","18.90","","-1.05%"
"10/11/2022","20.06","22.77","23.08","19.21","","10.04%"
"10/06/2022","18.23","16.18","18.52","14.81","","-5.30%"
"10/03/2022","19.25","21.13","23.01","18.65","","-14.02%"
"10/02/2022","22.39","22.21","23.32","20.74","","1.63%"
"09/29/2022","22.03","21.31","22.31","20.70","","3.38%"
"09/28/2022","21.31","17.56","22.07","17.56","","21.36%"
"09/22/2022","17.56","19.05","19.05","16.90","","-0.51%"
"09/21/2022","17.65","17.90","18.45","16.99","","2.20%"
"09/20/2022","17.27","16.49","17.52","15.70","","-0.58%"
"09/19/2022","17.37","19.29","19.74","17.09","","-8.29%"
"09/18/2022","18.94","18.80","19.68","18.36","","7.92%"
"09/15/2022","17.55","17.73","18.35","15.65","","-4.15%"
"09/14/2022","18.31","18.21","19.89","17.44","","10.50%"
"09/13/2022","16.57","15.41","18.04","15.37","","9.01%"
"09/12/2022","15.20","15.01","15.53","14.85","","4.25%"
"09/11/2022","14.58","14.90","15.04","14.49","","-8.53%"
"09/08/2022","15.94","17.05","17.94","15.84","","-12.99%"
"09/07/2022","18.32","18.70","19.16","17.96","","1.55%"
"09/06/2022","18.04","16.58","18.75","16.11","","5.74%"
"09/05/2022","17.06","16.72","18.80","16.32","","2.46%"
"09/04/2022","16.65","17.02","17.79","16.58","","0.67%"
"09/01/2022","16.54","17.04","17.46","15.93","","1.04%"
"08/31/2022","16.37","16.30","17.37","15.92","","-1.74%"
"08/30/2022","16.66","16.29","16.77","15.48","","-1.65%"
"08/29/2022","16.94","17.34","17.72","16.56","","-0.18%"
"08/28/2022","16.97","20.57","20.57","16.53","","7.88%"
"08/25/2022","15.73","15.42","16.77","15.24","","2.01%"
"08/24/2022","15.42","16.83","16.93","14.46","","-8.38%"
"08/23/2022","16.83","22.20","23.47","16.53","","-3.33%"
"08/22/2022","17.41","22.11","22.13","17.00","","2.35%"
"08/21/2022","17.01","21.51","21.71","16.58","","6.38%"
"08/18/2022","15.99","18.80","19.10","15.74","","-5.27%"
"08/17/2022","16.88","16.62","17.72","15.32","","8.07%"
"08/16/2022","15.62","17.86","18.50","15.30","","1.43%"
"08/15/2022","15.40","16.79","17.09","15.24","","0.00%"
"08/14/2022","15.40","16.98","17.01","15.24","","-4.23%"
"08/11/2022","16.08","17.16","17.16","15.78","","-3.77%"
"08/10/2022","16.71","15.81","16.87","15.58","","8.09%"
"08/09/2022","15.46","15.18","15.57","14.89","","4.32%"
"08/08/2022","14.82","14.17","15.22","14.10","","1.86%"
"08/04/2022","14.55","15.05","15.26","14.36","","-5.09%"
"08/03/2022","15.33","16.61","16.86","15.10","","-7.15%"
"08/02/2022","16.51","16.08","17.00","15.96","","5.70%"
"08/01/2022","15.62","15.53","16.37","15.32","","3.51%"
"07/31/2022","15.09","15.27","15.48","14.73","","-4.49%"
"07/28/2022","15.80","16.85","16.96","14.80","","-6.23%"
"07/27/2022","16.85","17.35","17.44","16.39","","-6.91%"
"07/26/2022","18.10","19.23","20.31","16.77","","3.43%"
"07/25/2022","17.50","20.35","20.97","15.55","","10.55%"
"07/24/2022","15.83","18.49","19.77","15.66","","1.67%"
"07/21/2022","15.57","16.45","16.45","14.44","","-1.46%"
"07/20/2022","15.80","15.73","16.38","14.83","","-6.01%"
"07/19/2022","16.81","17.03","17.80","15.84","","0.06%"
"07/18/2022","16.80","17.13","17.70","15.41","","-3.34%"
"07/17/2022","17.38","18.28","18.50","16.82","","-14.05%"
"07/14/2022","20.22","19.17","20.65","18.77","","6.42%"
"07/13/2022","19.00","17.08","20.99","17.02","","9.32%"
"07/12/2022","17.38","17.75","18.46","16.21","","2.96%"
"07/11/2022","16.88","17.43","18.03","16.69","","-2.31%"
"07/10/2022","17.28","16.39","17.53","16.12","","6.21%"
"07/07/2022","16.27","19.31","19.31","16.11","","-15.74%"
"07/06/2022","19.31","18.41","20.19","18.29","","2.93%"
"07/05/2022","18.76","17.59","19.42","17.50","","5.16%"
"07/04/2022","17.84","17.64","18.50","17.43","","4.02%"
"07/03/2022","17.15","18.25","18.33","17.05","","-12.99%"
"06/30/2022","19.71","18.01","19.87","17.98","","13.67%"
"06/29/2022","17.34","18.16","18.69","16.98","","3.03%"
"06/28/2022","16.83","17.07","17.14","16.08","","-4.32%"
"06/27/2022","17.59","17.47","18.26","16.89","","2.87%"
"06/26/2022","17.10","17.44","17.61","16.62","","-4.26%"
"06/23/2022","17.86","17.68","18.34","15.01","","3.48%"
"06/22/2022","17.26","17.17","18.21","17.07","","-2.15%"
"06/21/2022","17.64","23.54","23.79","17.52","","-11.98%"
"06/20/2022","20.04","25.12","25.14","19.17","","-7.69%"
"06/19/2022","21.71","30.56","30.75","21.57","","-13.06%"
"06/16/2022","24.97","25.34","29.44","24.20","","-1.46%"
"06/15/2022","25.34","29.17","30.45","24.97","","-6.63%"
"06/14/2022","27.14","28.88","29.01","24.87","","2.34%"
"06/13/2022","26.52","26.69","30.61","25.12","","-0.64%"
"06/12/2022","26.69","26.17","27.46","24.47","","34.19%"
"06/09/2022","19.89","18.68","20.00","18.30","","10.38%"
"06/08/2022","18.02","18.71","19.32","17.91","","-2.75%"
"06/07/2022","18.53","19.47","20.17","18.28","","1.04%"
"06/06/2022","18.34","18.70","20.13","17.87","","-1.98%"
"06/02/2022","18.71","17.70","19.39","17.29","","4.82%"
"06/01/2022","17.85","18.44","19.27","17.50","","-4.08%"
"05/31/2022","18.61","19.14","19.53","18.10","","5.26%"
"05/30/2022","17.68","16.18","18.29","15.86","","6.25%"
"05/29/2022","16.64","17.31","17.53","16.11","","-10.39%"
"05/26/2022","18.57","22.16","22.39","17.93","","-16.20%"
"05/25/2022","22.16","22.25","22.70","21.02","","-0.40%"
"05/24/2022","22.25","23.78","24.81","21.55","","2.49%"
"05/23/2022","21.71","23.84","23.89","20.64","","-0.09%"
"05/22/2022","21.73","25.75","26.37","21.61","","-1.18%"
"05/19/2022","21.99","24.36","25.11","21.69","","7.74%"
"05/18/2022","20.41","19.25","21.16","19.15","","3.66%"
"05/17/2022","19.69","21.32","21.71","19.00","","-10.05%"
"05/16/2022","21.89","23.15","24.05","21.77","","-0.55%"
"05/15/2022","22.01","22.97","22.97","21.40","","-4.92%"
"05/12/2022","23.15","21.04","24.76","21.04","","10.03%"
"05/11/2022","21.04","22.55","22.80","20.22","","-8.68%"
"05/10/2022","23.04","24.18","25.92","22.60","","-8.13%"
"05/09/2022","25.08","22.34","25.17","21.91","","14.68%"
"05/08/2022","21.87","22.10","23.19","21.48","","11.24%"
"05/03/2022","19.66","20.92","22.28","18.82","","-6.02%"
"05/02/2022","20.92","17.90","22.27","17.79","","15.45%"
"05/01/2022","18.12","17.41","18.50","17.14","","14.39%"
"04/28/2022","15.84","18.89","18.89","15.10","","-16.15%"
"04/27/2022","18.89","18.94","19.54","17.95","","-0.26%"
"04/26/2022","18.94","19.60","19.74","18.05","","-3.37%"
"04/25/2022","19.60","18.31","19.84","18.31","","7.05%"
"04/24/2022","18.31","21.25","21.93","17.55","","24.05%"
"04/20/2022","14.76","15.78","15.78","13.00","","-6.46%"
"04/19/2022","15.78","15.94","16.29","14.34","","-6.35%"
"04/18/2022","16.85","17.28","17.94","16.81","","-0.12%"
"04/17/2022","16.87","18.05","18.05","16.23","","4.85%"
"04/14/2022","16.09","18.17","18.30","15.75","","-14.55%"
"04/13/2022","18.83","19.69","20.23","17.96","","-1.36%"
"04/12/2022","19.09","20.13","21.07","17.71","","2.52%"
"04/11/2022","18.62","19.08","19.91","18.48","","2.53%"
"04/10/2022","18.16","18.30","18.82","17.93","","1.06%"
"04/07/2022","17.97","19.60","19.60","17.64","","-8.32%"
"04/06/2022","19.60","18.20","20.45","17.79","","11.62%"
"04/05/2022","17.56","18.91","18.99","17.04","","-8.16%"
"04/04/2022","19.12","19.36","20.11","18.90","","0.47%"
"04/03/2022","19.03","19.78","19.80","18.66","","-1.19%"
"03/31/2022","19.26","17.80","19.93","17.80","","8.20%"
"03/30/2022","17.80","16.70","18.08","16.21","","9.27%"
"03/29/2022","16.29","16.34","16.72","15.67","","-1.21%"
"03/28/2022","16.49","17.19","17.33","16.44","","-2.14%"
"03/27/2022","16.85","16.82","17.07","16.04","","0.72%"
"03/24/2022","16.73","17.85","17.85","16.60","","-6.27%"
"03/23/2022","17.85","17.38","18.44","16.66","","-3.72%"
"03/22/2022","18.54","21.04","21.09","18.20","","-7.72%"
"03/21/2022","20.09","21.96","22.21","19.88","","-2.05%"
"03/20/2022","20.51","20.62","21.51","20.30","","-14.15%"
"03/16/2022","23.89","25.14","26.46","23.61","","-12.91%"
"03/15/2022","27.43","31.12","31.17","27.30","","-3.59%"
"03/14/2022","28.45","31.79","32.98","28.00","","-9.16%"
"03/13/2022","31.32","28.15","32.58","28.15","","11.26%"
"03/10/2022","28.15","26.80","29.78","26.59","","5.04%"
"03/09/2022","26.80","26.48","27.85","26.25","","-3.04%"
"03/08/2022","27.64","26.76","28.46","26.76","","3.29%"
"03/07/2022","26.76","28.21","29.99","26.00","","0.90%"
"03/06/2022","26.52","27.39","28.25","25.77","","2.71%"
"03/03/2022","25.82","25.34","26.00","24.37","","0.94%"
"03/02/2022","25.58","27.21","27.74","25.03","","-3.94%"
"03/01/2022","26.63","26.74","27.81","25.02","","1.60%"
"02/28/2022","26.21","27.53","29.83","26.08","","-4.79%"
"02/27/2022","27.53","25.26","27.55","25.20","","-4.84%"
"02/24/2022","28.93","25.82","31.44","25.82","","12.04%"
"02/23/2022","25.82","26.11","26.11","24.43","","-1.11%"
"02/22/2022","26.11","34.34","35.19","23.70","","5.11%"
"02/21/2022","24.84","24.15","25.54","21.35","","2.69%"
"02/20/2022","24.19","30.84","31.19","23.93","","0.58%"
"02/17/2022","24.05","23.40","24.09","21.57","","7.08%"
"02/16/2022","22.46","22.85","23.32","20.64","","2.98%"
"02/15/2022","21.81","24.05","25.13","19.83","","-7.43%"
"02/14/2022","23.56","28.56","35.19","22.97","","-7.35%"
"02/13/2022","25.43","26.08","29.91","24.59","","30.41%"
"02/10/2022","19.50","18.51","21.52","18.51","","-2.11%"
"02/09/2022","19.92","21.58","21.72","19.72","","-10.75%"
"02/08/2022","22.32","24.00","24.30","21.51","","-5.94%"
"02/07/2022","23.73","24.55","25.93","23.53","","-2.14%"
"02/06/2022","24.25","23.93","25.36","23.65","","1.59%"
"02/03/2022","23.87","25.11","25.21","23.56","","1.14%"
"02/02/2022","23.60","23.95","23.98","22.32","","-6.90%"
"02/01/2022","25.35","22.22","25.84","21.84","","7.64%"
"01/31/2022","23.55","23.09","25.68","22.60","","0.77%"
"01/30/2022","23.37","22.10","24.67","21.96","","-1.06%"
"01/27/2022","23.62","23.89","24.34","22.13","","4.42%"
"01/26/2022","22.62","23.79","23.79","21.52","","-4.92%"
"01/25/2022","23.79","40.97","43.40","22.33","","-6.89%"
"01/24/2022","25.55","28.02","28.40","22.30","","9.09%"
"01/23/2022","23.42","29.53","29.53","21.70","","17.63%"
"01/20/2022","19.91","21.86","23.18","19.29","","-3.68%"
"01/19/2022","20.67","20.20","20.79","18.56","","9.54%"
"01/18/2022","18.87","18.93","19.71","18.07","","9.77%"
"01/17/2022","17.19","18.42","18.96","16.55","","3.93%"
"01/16/2022","16.54","18.71","18.98","15.64","","13.21%"
"01/13/2022","14.61","15.38","17.62","14.21","","-3.75%"
"01/12/2022","15.18","16.12","16.16","14.33","","-1.43%"
"01/11/2022","15.40","17.18","17.84","15.18","","-14.11%"
"01/10/2022","17.93","17.29","18.79","16.87","","3.46%"
"01/09/2022","17.33","16.51","17.91","15.69","","13.71%"
"01/06/2022","15.24","16.49","16.53","14.27","","12.97%"
"01/05/2022","13.49","15.73","16.04","13.12","","-10.96%"
"01/04/2022","15.15","15.57","15.93","14.54","","-3.07%"
"01/03/2022","15.63","14.71","16.32","14.47","","3.03%"
"01/02/2022","15.17","16.14","16.30","15.09","","2.09%"
"12/30/2021","14.86","14.86","16.10","14.31","","0.00%"
"12/29/2021","14.86","13.76","15.10","13.59","","5.32%"
"12/28/2021","14.11","17.50","17.89","13.75","","-8.02%"
"12/27/2021","15.34","21.45","21.45","15.27","","-3.03%"
"12/26/2021","15.82","18.21","18.29","14.66","","8.65%"
"12/23/2021","14.56","13.66","14.82","13.00","","5.97%"
"12/22/2021","13.74","14.39","14.76","13.68","","-9.78%"
"12/21/2021","15.23","16.19","16.54","14.49","","-15.29%"
"12/20/2021","17.98","19.05","21.13","17.41","","20.43%"
"12/19/2021","14.93","14.19","15.21","14.17","","16.46%"
"12/16/2021","12.82","13.71","13.82","12.72","","-19.77%"
"12/15/2021","15.98","15.48","16.57","14.68","","5.13%"
"12/14/2021","15.20","15.10","17.46","14.71","","-0.26%"
"12/13/2021","15.24","13.92","15.30","13.46","","8.70%"
"12/12/2021","14.02","12.88","14.05","12.76","","7.43%"
"12/09/2021","13.05","11.81","13.12","11.70","","4.57%"
"12/08/2021","12.48","11.46","12.85","11.37","","6.21%"
"12/07/2021","11.75","13.42","13.42","11.67","","-19.02%"
"12/06/2021","14.51","16.60","16.60","14.40","","-13.48%"
"12/05/2021","16.77","17.41","17.78","16.25","","6.82%"
"12/02/2021","15.70","14.26","17.17","13.84","","22.37%"
"12/01/2021","12.83","15.17","15.37","12.72","","-18.12%"
"11/30/2021","15.67","17.04","17.15","15.40","","3.84%"
"11/29/2021","15.09","14.17","15.70","13.95","","-6.68%"
"11/28/2021","16.17","17.40","19.73","15.23","","35.20%"
"11/25/2021","11.96","12.95","13.37","11.81","","-14.39%"
"11/24/2021","13.97","12.66","14.65","12.65","","-4.45%"
"11/23/2021","14.62","12.39","16.84","12.39","","22.45%"
"11/22/2021","11.94","12.28","13.08","11.86","","-6.94%"
"11/21/2021","12.83","12.31","13.70","12.30","","12.54%"
"11/18/2021","11.40","10.37","11.84","10.37","","-0.87%"
"11/17/2021","11.50","10.75","11.82","10.69","","4.17%"
"11/16/2021","11.04","10.84","11.63","10.40","","5.04%"
"11/15/2021","10.51","10.94","11.55","10.29","","-1.41%"
"11/14/2021","10.66","11.21","11.23","10.56","","-6.98%"
"11/11/2021","11.46","14.35","14.36","11.26","","-13.83%"
"11/10/2021","13.30","12.37","13.70","11.95","","11.39%"
"11/09/2021","11.94","12.43","12.43","11.38","","-0.42%"
"11/08/2021","11.99","13.05","13.21","11.93","","-2.76%"
"11/07/2021","12.33","12.09","12.45","11.95","","5.12%"
"11/04/2021","11.73","12.70","12.73","11.43","","-5.71%"
"11/03/2021","12.44","12.64","13.03","11.88","","1.14%"
"11/02/2021","12.30","13.33","13.38","12.20","","-8.96%"
"11/01/2021","13.51","14.69","14.83","13.24","","-6.57%"
"10/31/2021","14.46","14.85","14.92","13.76","","-0.07%"
"10/28/2021","14.47","13.98","14.72","13.20","","6.63%"
"10/27/2021","13.57","13.36","13.68","12.52","","6.35%"
"10/26/2021","12.76","12.13","13.05","11.70","","4.25%"
"10/25/2021","12.24","12.64","13.01","11.70","","-1.92%"
"10/24/2021","12.48","13.13","13.55","11.87","","2.46%"
"10/21/2021","12.18","12.50","12.72","11.99","","1.33%"
"10/20/2021","12.02","12.63","12.73","11.96","","-4.15%"
"10/19/2021","12.54","12.33","12.96","12.20","","-0.16%"
"10/18/2021","12.56","12.86","13.35","12.21","","1.45%"
"10/17/2021","12.38","11.70","12.51","11.70","","7.09%"
"10/14/2021","11.56","10.26","12.26","10.26","","-1.95%"
"10/13/2021","11.79","12.63","12.83","11.74","","-2.72%"
"10/12/2021","12.12","13.63","13.63","12.04","","-4.11%"
"10/11/2021","12.64","13.48","13.51","12.55","","-2.69%"
"10/10/2021","12.99","13.47","13.49","12.75","","2.36%"
"10/07/2021","12.69","13.88","14.02","12.51","","-16.79%"
"10/06/2021","15.25","13.21","15.63","13.18","","17.76%"
"10/05/2021","12.95","13.80","14.07","12.87","","-5.68%"
"10/04/2021","13.73","12.84","13.83","12.58","","13.00%"
"10/03/2021","12.15","11.67","12.63","11.60","","0.41%"
"09/30/2021","12.10","11.61","12.59","11.49","","-7.42%"
"09/29/2021","13.07","13.09","13.43","12.25","","10.39%"
"09/26/2021","11.84","11.21","11.99","11.05","","7.64%"
"09/23/2021","11.00","13.83","13.86","10.96","","-25.58%"
"09/22/2021","14.78","15.33","15.33","14.02","","13.34%"
"09/19/2021","13.04","13.37","13.37","12.31","","18.33%"
"09/14/2021","11.02","10.85","11.44","10.66","","-1.43%"
"09/13/2021","11.18","13.04","13.47","11.03","","-16.00%"
"09/12/2021","13.31","14.77","15.17","13.26","","-0.30%"
"09/09/2021","13.35","13.99","14.37","12.54","","5.45%"
"09/05/2021","12.66","12.62","12.85","12.07","","5.59%"
"09/02/2021","11.99","11.85","12.33","11.43","","2.65%"
"09/01/2021","11.68","10.85","11.85","10.77","","1.21%"
"08/31/2021","11.54","11.54","12.97","11.33","","-0.77%"
"08/30/2021","11.63","12.17","12.23","11.58","","-5.45%"
"08/29/2021","12.30","11.70","12.38","11.60","","5.40%"
"08/26/2021","11.67","11.85","12.49","11.48","","-1.52%"
"08/25/2021","11.85","11.95","12.13","11.33","","0.77%"
"08/24/2021","11.76","12.59","12.66","11.68","","-5.84%"
"08/23/2021","12.49","13.53","13.53","12.38","","-6.16%"
"08/22/2021","13.31","12.60","13.77","12.57","","4.89%"
"08/19/2021","12.69","14.51","14.51","12.58","","-0.31%"
"08/18/2021","12.73","13.84","13.84","12.65","","-4.50%"
"08/17/2021","13.33","14.19","14.21","13.21","","1.14%"
"08/16/2021","13.18","13.63","13.70","12.72","","4.60%"
"08/15/2021","12.60","13.75","13.77","12.51","","-0.94%"
"08/12/2021","12.72","12.92","13.36","12.37","","-2.15%"
"08/11/2021","13.00","13.84","13.87","12.86","","1.09%"
"08/10/2021","12.86","14.27","14.50","12.81","","-7.28%"
"08/09/2021","13.87","14.07","14.58","13.80","","1.31%"
"08/08/2021","13.69","13.05","14.00","13.03","","4.50%"
"08/05/2021","13.10","13.61","14.05","12.58","","-2.75%"
"08/04/2021","13.47","12.95","13.78","12.37","","2.43%"
"08/03/2021","13.15","12.01","13.56","11.90","","10.50%"
"08/02/2021","11.90","12.18","12.85","11.73","","-8.11%"
"08/01/2021","12.95","13.63","13.87","12.89","","2.45%"
"07/29/2021","12.64","12.06","13.42","11.25","","4.81%"
"07/28/2021","12.06","13.78","14.02","11.58","","-14.29%"
"07/27/2021","14.07","13.88","14.72","13.30","","3.61%"
"07/26/2021","13.58","14.20","14.97","13.16","","1.27%"
"07/25/2021","13.41","12.67","13.51","12.06","","0.15%"
"07/22/2021","13.39","11.73","13.94","11.73","","4.77%"
"07/21/2021","12.78","13.70","14.02","12.62","","-14.06%"
"07/20/2021","14.87","17.72","17.72","14.46","","-21.16%"
"07/19/2021","18.86","19.81","20.47","17.70","","28.30%"
"07/15/2021","14.70","14.78","16.78","14.05","","7.30%"
"07/14/2021","13.70","14.04","14.06","13.16","","4.02%"
"07/13/2021","13.17","13.00","14.02","12.73","","3.29%"
"07/12/2021","12.75","13.18","13.58","12.65","","-1.47%"
"07/11/2021","12.94","13.51","13.84","12.64","","-23.61%"
"07/08/2021","16.94","11.77","17.91","11.50","","48.21%"
"07/07/2021","11.43","12.23","12.35","11.25","","-7.97%"
"07/06/2021","12.42","11.98","12.46","11.91","","6.34%"
"07/05/2021","11.68","11.32","11.79","11.32","","3.91%"
"07/04/2021","11.24","10.80","11.35","10.79","","0.63%"
"07/01/2021","11.17","11.48","11.49","11.07","","-4.86%"
"06/30/2021","11.74","11.94","12.32","11.52","","-0.76%"
"06/29/2021","11.83","11.97","12.28","11.29","","1.20%"
"06/28/2021","11.69","11.75","12.34","11.32","","2.10%"
"06/27/2021","11.45","11.17","11.75","11.08","","3.90%"
"06/24/2021","11.02","10.28","11.61","10.28","","-1.61%"
"06/23/2021","11.20","11.19","11.89","10.78","","-7.82%"
"06/22/2021","12.15","14.78","14.94","11.97","","-7.53%"
"06/21/2021","13.14","18.42","18.42","12.88","","-11.57%"
"06/20/2021","14.86","15.49","16.13","14.58","","15.82%"
"06/17/2021","12.83","14.05","14.15","12.52","","2.72%"
"06/16/2021","12.49","13.64","13.69","12.44","","-4.87%"
"06/15/2021","13.13","12.64","13.27","12.59","","4.37%"
"06/14/2021","12.58","12.45","12.74","12.30","","2.53%"
"06/13/2021","12.27","12.26","12.32","11.99","","-3.99%"
"06/10/2021","12.78","14.83","15.02","12.73","","-8.19%"
"06/09/2021","13.92","14.21","14.86","13.83","","-1.69%"
"06/08/2021","14.16","14.43","14.79","13.30","","-2.01%"
"06/07/2021","14.45","15.30","15.61","14.21","","2.34%"
"06/06/2021","14.12","14.85","15.26","14.00","","-2.35%"
"06/03/2021","14.46","14.42","15.55","13.66","","3.51%"
"06/02/2021","13.97","15.43","15.45","13.85","","-6.99%"
"06/01/2021","15.02","14.00","15.19","13.81","","9.48%"
"05/31/2021","13.72","13.39","14.52","13.24","","5.62%"
"05/30/2021","12.99","13.12","13.47","12.67","","4.34%"
"05/27/2021","12.45","12.16","13.37","11.99","","0.57%"
"05/26/2021","12.38","12.47","13.69","12.28","","-2.75%"
"05/25/2021","12.73","13.95","14.24","12.60","","-12.27%"
"05/24/2021","14.51","13.81","15.17","13.54","","2.26%"
"05/23/2021","14.19","13.78","14.27","13.17","","5.03%"
"05/20/2021","13.51","12.90","13.90","12.84","","-9.02%"
"05/19/2021","14.85","13.35","16.42","13.22","","11.49%"
"05/18/2021","13.32","14.00","14.22","12.75","","-7.88%"
"05/13/2021","14.46","19.15","20.21","13.52","","-17.42%"
"05/12/2021","17.51","19.08","19.60","16.36","","9.10%"
"05/11/2021","16.05","14.06","18.69","14.06","","24.03%"
"05/10/2021","12.94","12.98","13.74","12.71","","4.52%"
"05/09/2021","12.38","12.03","12.45","11.83","","0.08%"
"05/06/2021","12.37","12.01","12.67","11.83","","-0.72%"
"05/05/2021","12.46","12.61","12.84","11.80","","-1.58%"
"05/04/2021","12.66","11.68","12.88","11.47","","9.14%"
"05/03/2021","11.60","12.17","12.17","11.20","","-3.89%"
"05/02/2021","12.07","12.35","12.49","11.90","","0.75%"
"04/29/2021","11.98","12.71","12.77","11.65","","-9.04%"
"04/28/2021","13.17","13.28","13.88","13.06","","-3.23%"
"04/27/2021","13.61","12.71","14.12","12.37","","4.69%"
"04/26/2021","13.00","12.25","14.09","12.08","","8.15%"
"04/25/2021","12.02","12.09","12.41","11.68","","1.86%"
"04/22/2021","11.80","12.76","12.78","11.66","","-6.05%"
"04/21/2021","12.56","13.08","13.09","12.12","","-1.10%"
"04/20/2021","12.70","11.74","13.09","11.74","","3.50%"
"04/19/2021","12.27","12.42","13.04","12.11","","-1.05%"
"04/18/2021","12.40","12.94","13.14","12.33","","-0.48%"
"04/13/2021","12.46","12.32","12.83","11.92","","1.22%"
"04/12/2021","12.31","11.81","12.66","11.49","","2.41%"
"04/11/2021","12.02","12.35","12.60","11.83","","0.17%"
"04/08/2021","12.00","11.90","12.46","11.74","","-4.46%"
"04/07/2021","12.56","12.13","13.00","12.13","","1.87%"
"04/06/2021","12.33","12.19","12.62","11.91","","3.53%"
"04/05/2021","11.91","12.28","12.61","11.52","","-1.41%"
"04/04/2021","12.08","12.11","12.31","11.83","","-5.99%"
"04/01/2021","12.85","14.46","14.47","12.80","","-11.32%"
"03/31/2021","14.49","14.49","14.84","14.17","","-1.90%"
"03/30/2021","14.77","15.05","15.06","14.41","","0.48%"
"03/29/2021","14.70","15.79","16.26","14.63","","-9.20%"
"03/25/2021","16.19","14.70","17.67","14.62","","11.81%"
"03/24/2021","14.48","16.46","16.81","14.40","","-13.03%"
"03/22/2021","16.65","20.85","20.85","16.56","","-4.80%"
"03/21/2021","17.49","20.21","20.34","17.27","","3.00%"
"03/18/2021","16.98","18.57","18.57","16.75","","-3.63%"
"03/17/2021","17.62","17.13","17.88","16.34","","6.27%"
"03/16/2021","16.58","17.53","17.90","16.44","","-5.20%"
"03/15/2021","17.49","17.36","18.55","17.18","","7.56%"
"03/14/2021","16.26","16.62","17.32","16.19","","-1.28%"
"03/11/2021","16.47","17.57","18.20","16.07","","-13.45%"
"03/10/2021","19.03","19.58","19.81","18.35","","0.90%"
"03/09/2021","18.86","21.42","21.42","18.73","","-6.17%"
"03/08/2021","20.10","20.72","23.26","19.92","","5.13%"
"03/07/2021","19.12","19.61","20.21","18.83","","-5.44%"
"03/04/2021","20.22","19.32","21.59","19.32","","4.66%"
"03/03/2021","19.32","18.41","19.93","17.66","","4.66%"
"03/02/2021","18.46","20.68","20.68","18.39","","-6.06%"
"03/01/2021","19.65","20.36","21.06","19.44","","-8.99%"
"02/28/2021","21.59","23.24","23.29","21.48","","-0.87%"
"02/25/2021","21.78","22.49","23.08","21.41","","-3.16%"
"02/24/2021","22.49","22.95","24.08","20.94","","-2.00%"
"02/23/2021","22.95","19.38","24.36","19.31","","17.33%"
"02/22/2021","19.56","18.58","19.85","16.64","","23.33%"
"02/21/2021","15.86","17.40","17.41","15.70","","-9.78%"
"02/18/2021","17.58","18.42","18.42","16.35","","4.64%"
"02/17/2021","16.80","17.82","18.01","16.70","","-3.95%"
"02/16/2021","17.49","17.45","17.95","14.97","","1.57%"
"02/15/2021","17.22","18.06","18.99","17.11","","-3.53%"
"02/14/2021","17.85","17.19","18.47","17.06","","3.60%"
"02/11/2021","17.23","16.40","17.54","15.78","","5.00%"
"02/10/2021","16.41","16.70","16.94","15.96","","-1.62%"
"02/09/2021","16.68","17.45","17.77","16.38","","-3.36%"
"02/08/2021","17.26","16.54","17.92","16.37","","-0.23%"
"02/07/2021","17.30","17.45","18.07","16.95","","-5.88%"
"02/04/2021","18.38","19.24","19.39","18.19","","-4.47%"
"02/03/2021","19.24","18.99","19.61","18.53","","-1.74%"
"02/02/2021","19.58","21.87","21.97","19.52","","-14.83%"
"02/01/2021","22.99","23.62","24.06","22.21","","-4.88%"
"01/31/2021","24.17","24.73","25.53","23.68","","13.63%"
"01/28/2021","21.27","21.05","23.99","21.05","","1.05%"
"01/27/2021","21.05","20.31","21.73","18.73","","2.98%"
"01/26/2021","20.44","24.97","24.97","19.81","","-1.54%"
"01/25/2021","20.76","23.59","23.59","19.92","","-2.90%"
"01/24/2021","21.38","22.08","22.08","19.00","","16.39%"
"01/21/2021","18.37","18.31","18.67","17.61","","5.70%"
"01/20/2021","17.38","18.82","19.07","17.19","","-8.77%"
"01/19/2021","19.05","21.11","21.29","18.76","","-0.88%"
"01/18/2021","19.22","21.36","21.42","19.15","","-2.54%"
"01/17/2021","19.72","20.77","21.20","19.25","","8.35%"
"01/14/2021","18.20","17.67","19.12","17.53","","2.42%"
"01/13/2021","17.77","18.97","18.97","17.29","","-0.11%"
"01/12/2021","17.79","19.24","20.57","17.52","","-2.20%"
"01/11/2021","18.19","18.60","18.89","17.74","","4.06%"
"01/10/2021","17.48","18.30","18.96","17.27","","1.04%"
"01/07/2021","17.30","18.53","18.64","17.07","","-6.89%"
"01/06/2021","18.58","18.85","19.96","18.43","","-3.23%"
"01/05/2021","19.20","19.78","20.77","18.94","","2.07%"
"01/04/2021","18.81","19.13","19.79","18.71","","-1.31%"
"01/03/2021","19.06","19.63","19.98","18.80","","0.58%"
"12/31/2020","18.95","17.97","19.51","17.97","","5.45%"
"12/30/2020","17.97","19.16","19.24","17.89","","-4.06%"
"12/29/2020","18.73","19.65","21.39","18.68","","-1.78%"
"12/28/2020","19.07","17.76","19.43","17.58","","6.54%"
"12/27/2020","17.90","17.30","18.04","17.25","","3.35%"
"12/24/2020","17.32","19.12","19.12","16.44","","-9.41%"
"12/23/2020","19.12","20.02","20.22","18.79","","-4.50%"
"12/22/2020","20.02","32.65","32.65","19.89","","-19.11%"
"12/21/2020","24.75","34.68","35.35","23.81","","7.98%"
"12/20/2020","22.92","23.30","23.57","19.18","","23.42%"
"12/17/2020","18.57","20.26","21.30","18.46","","-8.34%"
"12/16/2020","20.26","20.97","21.49","19.54","","-0.88%"
"12/15/2020","20.44","22.26","22.56","20.29","","1.24%"
"12/14/2020","20.19","20.60","21.07","19.65","","2.80%"
"12/13/2020","19.64","21.47","21.71","19.40","","-1.46%"
"12/10/2020","19.93","19.71","20.53","19.01","","8.55%"
"12/09/2020","18.36","19.28","19.45","17.78","","-7.74%"
"12/08/2020","19.90","20.54","20.85","19.74","","0.45%"
"12/07/2020","19.81","19.62","20.08","19.14","","7.26%"
"12/06/2020","18.47","20.10","20.19","18.41","","-7.88%"
"12/03/2020","20.05","21.31","21.31","19.15","","-5.82%"
"12/02/2020","21.29","22.94","23.30","21.22","","-4.74%"
"12/01/2020","22.35","21.35","22.85","20.94","","3.00%"
"11/30/2020","21.70","22.89","22.93","21.44","","2.26%"
"11/29/2020","21.22","18.66","21.58","18.66","","19.89%"
"11/26/2020","17.70","18.29","18.32","17.22","","-3.23%"
"11/25/2020","18.29","17.01","18.71","16.88","","8.48%"
"11/24/2020","16.86","16.12","17.54","16.00","","3.69%"
"11/23/2020","16.26","17.50","17.69","16.18","","-7.56%"
"11/22/2020","17.59","18.33","18.82","17.53","","-1.68%"
"11/19/2020","17.89","16.67","18.08","16.28","","12.23%"
"11/18/2020","15.94","17.29","17.34","15.36","","-2.86%"
"11/17/2020","16.41","18.43","18.66","16.31","","-2.84%"
"11/16/2020","16.89","17.63","18.04","16.70","","-3.87%"
"11/15/2020","17.57","18.14","18.41","17.37","","2.27%"
"11/12/2020","17.18","18.13","18.59","16.83","","-3.70%"
"11/11/2020","17.84","19.40","19.61","17.69","","-9.99%"
"11/10/2020","19.82","21.05","21.32","19.57","","-4.85%"
"11/09/2020","20.83","19.89","27.13","18.63","","3.37%"
"11/08/2020","20.15","21.36","21.44","20.01","","-4.82%"
"11/05/2020","21.17","24.88","24.88","20.60","","-14.91%"
"11/04/2020","24.88","29.21","29.21","24.53","","-10.95%"
"11/03/2020","27.94","26.91","29.38","26.63","","5.16%"
"11/02/2020","26.57","27.65","28.53","26.45","","-3.21%"
"11/01/2020","27.45","27.66","28.86","26.82","","5.78%"
"10/29/2020","25.95","29.76","29.76","25.74","","-12.80%"
"10/28/2020","29.76","24.30","29.87","24.30","","22.47%"
"10/27/2020","24.30","21.88","24.34","21.81","","8.63%"
"10/26/2020","22.37","20.66","22.47","20.48","","10.14%"
"10/25/2020","20.31","19.62","20.36","19.28","","-1.46%"
"10/22/2020","20.61","19.63","21.44","19.63","","5.48%"
"10/21/2020","19.54","18.08","20.44","18.00","","6.02%"
"10/20/2020","18.43","18.58","19.50","18.00","","2.96%"
"10/19/2020","17.90","16.92","18.38","16.41","","3.89%"
"10/18/2020","17.23","17.87","18.20","16.97","","1.95%"
"10/15/2020","16.90","17.02","17.33","15.94","","4.90%"
"10/14/2020","16.11","17.28","17.33","15.73","","-5.35%"
"10/13/2020","17.02","17.71","18.19","16.87","","-4.17%"
"10/12/2020","17.76","17.94","19.26","16.63","","0.06%"
"10/11/2020","17.75","16.67","18.08","16.49","","5.78%"
"10/08/2020","16.78","17.06","17.33","16.55","","-5.89%"
"10/07/2020","17.83","17.51","18.10","17.28","","5.32%"
"10/06/2020","16.93","16.66","17.99","16.64","","0.53%"
"10/05/2020","16.84","17.98","18.41","16.44","","-9.12%"
"10/04/2020","18.53","19.83","20.00","17.82","","4.93%"
"10/01/2020","17.66","20.70","20.70","17.33","","-12.05%"
"09/30/2020","20.08","22.57","22.60","20.01","","-8.18%"
"09/29/2020","21.87","21.63","22.53","21.57","","-1.40%"
"09/24/2020","22.18","22.79","25.11","21.55","","-2.68%"
"09/23/2020","22.79","20.87","23.31","20.07","","1.29%"
"09/22/2020","22.50","28.07","28.81","22.05","","-10.18%"
"09/21/2020","25.05","25.54","26.12","22.28","","18.10%"
"09/17/2020","21.21","23.39","23.86","21.03","","2.12%"
"09/16/2020","20.77","20.55","21.22","20.25","","0.34%"
"09/15/2020","20.70","21.34","21.85","20.56","","-4.08%"
"09/14/2020","21.58","24.05","24.61","21.50","","-17.51%"
"09/13/2020","26.16","32.25","33.77","25.50","","-9.10%"
"09/10/2020","28.78","28.31","34.31","27.48","","1.66%"
"09/09/2020","28.31","32.40","32.40","26.75","","-2.95%"
"09/08/2020","29.17","26.52","32.92","25.32","","12.15%"
"09/07/2020","26.01","27.76","29.93","25.88","","-6.30%"
"09/06/2020","27.76","32.03","32.03","27.34","","0.84%"
"09/03/2020","27.53","21.31","27.92","21.31","","29.19%"
"09/02/2020","21.31","19.85","21.43","19.55","","5.50%"
"09/01/2020","20.20","21.09","22.04","20.11","","-5.61%"
"08/31/2020","21.40","19.05","22.30","18.97","","12.22%"
"08/30/2020","19.07","18.59","19.22","18.41","","3.30%"
"08/27/2020","18.46","17.36","18.83","16.89","","6.34%"
"08/26/2020","17.36","18.46","18.61","17.20","","-5.40%"
"08/25/2020","18.35","18.69","18.86","17.82","","-3.52%"
"08/24/2020","19.02","18.54","19.27","18.37","","-0.99%"
"08/23/2020","19.21","19.06","19.41","18.44","","-0.41%"
"08/20/2020","19.29","19.00","20.08","18.16","","5.53%"
"08/19/2020","18.28","16.87","18.36","16.31","","10.25%"
"08/18/2020","16.58","16.87","17.14","16.29","","-0.36%"
"08/17/2020","16.64","17.07","17.25","16.33","","-0.66%"
"08/16/2020","16.75","16.96","18.08","16.48","","3.33%"
"08/13/2020","16.21","15.68","16.62","15.63","","1.50%"
"08/12/2020","15.97","16.63","17.36","15.93","","-4.31%"
"08/11/2020","16.69","17.16","17.24","16.24","","-4.14%"
"08/10/2020","17.41","17.49","17.81","17.21","","-1.92%"
"08/09/2020","17.75","18.47","18.84","17.44","","1.66%"
"08/06/2020","17.46","19.04","19.09","17.37","","-9.20%"
"08/05/2020","19.23","20.77","20.78","19.07","","-8.65%"
"08/04/2020","21.05","21.70","22.16","20.30","","-4.75%"
"08/03/2020","22.10","22.89","23.57","21.81","","-2.08%"
"08/02/2020","22.57","22.62","23.65","22.08","","3.20%"
"07/29/2020","21.87","22.70","22.70","21.05","","-3.66%"
"07/28/2020","22.70","24.83","24.83","22.46","","-8.58%"
"07/27/2020","24.83","28.58","28.76","24.35","","-2.47%"
"07/26/2020","25.46","31.22","31.79","25.36","","2.13%"
"07/23/2020","24.93","23.46","26.05","21.77","","6.22%"
"07/22/2020","23.47","26.31","26.48","23.05","","0.43%"
"07/21/2020","23.37","24.77","25.66","22.01","","-6.22%"
"07/20/2020","24.92","28.21","29.61","24.78","","-3.15%"
"07/19/2020","25.73","28.17","28.52","25.22","","-1.79%"
"07/16/2020","26.20","28.12","28.21","25.66","","1.91%"
"07/15/2020","25.71","28.33","28.69","25.46","","-11.53%"
"07/14/2020","29.06","29.19","30.50","28.18","","6.06%"
"07/13/2020","27.40","28.21","29.31","27.30","","-5.68%"
"07/12/2020","29.05","29.98","30.69","28.35","","-0.75%"
"07/09/2020","29.27","29.36","30.13","28.20","","-1.18%"
"07/08/2020","29.62","28.04","29.85","27.97","","9.58%"
"07/07/2020","27.03","25.40","28.94","25.40","","6.38%"
"07/06/2020","25.41","27.24","29.17","24.17","","-10.24%"
"07/05/2020","28.31","24.50","28.40","24.05","","28.45%"
"07/02/2020","22.04","24.24","25.23","21.24","","-9.08%"
"07/01/2020","24.24","28.35","28.86","24.08","","-16.41%"
"06/30/2020","29.00","30.60","31.35","28.28","","-5.94%"
"06/29/2020","30.83","33.48","33.48","30.52","","-3.90%"
"06/28/2020","32.08","31.94","32.37","30.85","","12.72%"
"06/25/2020","28.46","29.69","30.93","28.26","","1.68%"
"06/24/2020","27.99","25.64","28.50","25.42","","8.87%"
"06/23/2020","25.71","25.20","26.21","23.66","","0.98%"
"06/22/2020","25.46","38.58","38.80","25.23","","-14.42%"
"06/21/2020","29.75","34.61","34.76","27.22","","20.64%"
"06/18/2020","24.66","26.46","26.73","24.15","","-2.91%"
"06/17/2020","25.40","25.25","25.75","24.12","","5.92%"
"06/16/2020","23.98","27.75","28.01","23.14","","-16.39%"
"06/15/2020","28.68","35.03","35.15","28.25","","-1.75%"
"06/14/2020","29.19","30.80","33.41","28.68","","12.96%"
"06/11/2020","25.84","25.20","27.54","24.94","","14.18%"
"06/10/2020","22.63","21.80","22.93","20.61","","2.21%"
"06/09/2020","22.14","22.45","23.89","22.02","","-1.42%"
"06/08/2020","22.46","25.09","25.27","22.37","","-9.40%"
"06/04/2020","24.79","26.38","28.00","24.62","","-6.03%"
"06/03/2020","26.38","25.07","27.62","25.00","","3.13%"
"06/02/2020","25.58","28.46","28.56","25.45","","-5.89%"
"06/01/2020","27.18","30.18","33.78","27.07","","-8.76%"
"05/31/2020","29.79","25.41","31.81","25.14","","20.41%"
"05/27/2020","24.74","24.95","25.18","23.38","","-0.36%"
"05/26/2020","24.83","25.43","25.43","24.20","","-2.36%"
"05/25/2020","25.43","26.42","26.55","24.23","","-4.33%"
"05/24/2020","26.58","29.39","29.67","26.49","","-9.59%"
"05/21/2020","29.40","31.82","31.89","29.32","","-0.54%"
"05/20/2020","29.56","29.81","30.37","28.69","","1.34%"
"05/19/2020","29.17","28.82","30.86","28.55","","2.10%"
"05/18/2020","28.57","32.47","34.07","28.43","","-12.90%"
"05/17/2020","32.80","37.97","37.97","32.37","","-5.37%"
"05/14/2020","34.66","35.76","37.61","32.28","","12.61%"
"05/13/2020","30.78","28.39","32.17","28.39","","12.09%"
"05/12/2020","27.46","29.21","29.51","26.89","","-2.07%"
"05/11/2020","28.04","28.22","29.58","27.22","","1.82%"
"05/10/2020","27.54","27.47","29.22","27.26","","-0.47%"
"05/07/2020","27.67","30.38","30.38","27.58","","-9.49%"
"05/06/2020","30.57","29.94","31.05","28.88","","-0.62%"
"05/05/2020","30.76","33.38","33.58","30.59","","-10.97%"
"05/04/2020","34.55","32.60","35.52","32.40","","8.44%"
"05/03/2020","31.86","32.23","32.65","31.54","","19.77%"
"04/30/2020","26.60","23.50","27.32","23.12","","7.17%"
"04/27/2020","24.82","24.37","26.00","24.09","","-3.65%"
"04/26/2020","25.76","28.32","28.61","25.48","","-10.31%"
"04/23/2020","28.72","32.64","33.08","28.37","","-15.78%"
"04/22/2020","34.10","37.35","37.35","32.94","","-8.70%"
"04/21/2020","37.35","35.18","39.14","34.38","","11.09%"
"04/20/2020","33.62","39.34","39.34","33.41","","2.72%"
"04/19/2020","32.73","36.36","36.74","32.68","","-8.63%"
"04/16/2020","35.82","38.14","40.41","35.38","","2.05%"
"04/13/2020","35.10","40.34","40.40","34.76","","-4.72%"
"04/12/2020","36.84","33.54","38.98","33.08","","14.16%"
"04/07/2020","32.27","33.18","34.32","32.05","","-5.97%"
"04/06/2020","34.32","37.14","37.14","32.82","","-15.99%"
"04/05/2020","40.85","45.37","46.83","39.41","","-8.96%"
"04/02/2020","44.87","44.30","47.38","43.99","","-2.09%"
"04/01/2020","45.83","46.70","47.50","44.58","","10.41%"
"03/31/2020","41.51","44.16","45.63","39.91","","-11.62%"
"03/30/2020","46.97","53.22","54.88","46.52","","-11.74%"
"03/29/2020","53.22","52.49","53.80","50.16","","16.92%"
"03/26/2020","45.52","46.35","52.65","43.42","","-1.79%"
"03/25/2020","46.35","51.89","52.40","42.96","","-10.68%"
"03/24/2020","51.89","65.73","71.44","51.53","","-21.06%"
"03/23/2020","65.73","90.66","90.87","65.04","","-8.47%"
"03/22/2020","71.81","91.21","91.88","69.26","","4.89%"
"03/19/2020","68.46","84.31","84.38","64.59","","-11.72%"
"03/18/2020","77.55","71.31","88.95","71.31","","8.75%"
"03/17/2020","71.31","75.28","82.71","69.87","","-5.27%"
"03/16/2020","75.28","78.28","95.68","72.80","","-3.83%"
"03/15/2020","78.28","86.86","105.84","76.19","","-9.88%"
"03/12/2020","86.86","65.05","99.39","65.05","","33.53%"
"03/11/2020","65.05","61.54","72.11","58.91","","5.70%"
"03/09/2020","61.54","38.99","76.16","38.99","","57.84%"
"03/08/2020","38.99","31.83","39.13","30.49","","45.54%"
"03/05/2020","26.79","29.25","32.37","25.02","","-8.41%"
"03/04/2020","29.25","27.42","31.11","27.34","","6.67%"
"03/03/2020","27.42","27.47","28.69","26.12","","-12.62%"
"03/01/2020","31.38","26.93","34.96","26.93","","16.52%"
"02/27/2020","26.93","21.44","27.22","21.44","","25.61%"
"02/26/2020","21.44","20.14","24.72","20.06","","6.45%"
"02/25/2020","20.14","18.82","21.21","18.60","","-4.14%"
"02/24/2020","21.01","20.17","21.63","19.50","","14.06%"
"02/23/2020","18.42","23.63","23.63","17.96","","25.14%"
"02/20/2020","14.72","14.97","15.74","14.28","","0.27%"
"02/19/2020","14.68","15.14","15.60","14.49","","-8.31%"
"02/18/2020","16.01","18.01","18.01","15.59","","4.44%"
"02/17/2020","15.33","17.04","17.07","14.81","","1.32%"
"02/16/2020","15.13","15.39","15.51","14.79","","0.80%"
"02/13/2020","15.01","14.86","15.53","14.01","","9.96%"
"02/12/2020","13.65","15.42","15.42","13.60","","-4.88%"
"02/11/2020","14.35","14.55","14.93","14.26","","-6.27%"
"02/10/2020","15.31","17.43","17.75","15.02","","-12.21%"
"02/09/2020","17.44","16.49","17.69","15.86","","19.94%"
"02/06/2020","14.54","13.49","15.29","13.49","","-0.07%"
"02/05/2020","14.55","14.86","15.05","13.73","","-0.27%"
"02/04/2020","14.59","17.34","17.36","14.38","","-17.52%"
"02/03/2020","17.69","19.55","21.46","17.62","","-13.07%"
"02/02/2020","20.35","16.37","22.02","16.20","","44.53%"
"01/30/2020","14.08","13.19","14.89","13.19","","6.75%"
"01/29/2020","13.19","14.71","14.71","12.74","","-10.70%"
"01/28/2020","14.77","13.41","15.09","13.41","","3.21%"
"01/27/2020","14.31","13.41","15.19","13.20","","13.93%"
"01/26/2020","12.56","11.87","12.59","11.79","","16.40%"
"01/23/2020","10.79","11.23","11.40","10.63","","-0.19%"
"01/22/2020","10.81","11.27","11.66","10.60","","-5.42%"
"01/21/2020","11.43","12.17","12.36","11.38","","-1.47%"
"01/20/2020","11.60","11.33","11.87","11.19","","6.91%"
"01/19/2020","10.85","10.90","11.14","10.68","","1.50%"
"01/16/2020","10.69","10.61","11.55","10.61","","-5.31%"
"01/15/2020","11.29","11.06","11.72","11.04","","-1.74%"
"01/14/2020","11.49","11.91","11.97","11.44","","-6.43%"
"01/13/2020","12.28","12.29","12.94","12.03","","-1.05%"
"01/12/2020","12.41","12.37","12.59","12.28","","4.11%"
"01/09/2020","11.92","12.03","12.54","11.83","","-5.55%"
"01/08/2020","12.62","12.98","13.75","12.43","","-0.08%"
"01/07/2020","12.63","12.44","12.90","12.28","","-0.55%"
"01/06/2020","12.70","12.75","13.24","12.39","","1.76%"
"01/05/2020","12.48","12.54","12.66","12.26","","8.62%"
"01/02/2020","11.49","11.68","11.91","11.29","","-2.87%"
"01/01/2020","11.83","11.76","12.04","11.65","","-3.51%"
"12/31/2019","12.26","12.36","12.55","11.98","","-1.92%"
"12/30/2019","12.50","11.59","12.67","11.37","","9.17%"
"12/29/2019","11.45","11.52","11.56","11.25","","8.43%"
"12/26/2019","10.56","11.47","11.65","10.49","","-1.95%"
"12/25/2019","10.77","11.41","11.73","10.55","","-8.26%"
"12/24/2019","11.74","11.79","12.22","11.65","","1.21%"
"12/23/2019","11.60","10.80","12.86","10.72","","9.54%"
"12/22/2019","10.59","10.57","10.65","10.34","","1.53%"
"12/19/2019","10.43","9.70","11.08","9.65","","6.54%"
"12/18/2019","9.79","10.05","10.08","9.73","","-0.71%"
"12/17/2019","9.86","10.43","10.50","9.82","","-3.14%"
"12/16/2019","10.18","9.81","10.23","9.81","","3.35%"
"12/15/2019","9.85","10.53","10.53","9.76","","-1.79%"
"12/12/2019","10.03","10.36","10.76","9.95","","-1.08%"
"12/11/2019","10.14","10.34","10.54","9.87","","-1.46%"
"12/10/2019","10.29","10.24","11.02","10.19","","1.38%"
"12/09/2019","10.15","10.38","10.70","9.98","","-1.17%"
"12/08/2019","10.27","10.30","10.67","10.18","","-4.55%"
"12/05/2019","10.76","10.82","11.17","10.54","","0.56%"
"12/04/2019","10.70","11.83","12.01","10.65","","-9.09%"
"12/03/2019","11.77","11.25","12.37","10.86","","7.88%"
"12/02/2019","10.91","10.70","11.02","10.38","","6.44%"
"12/01/2019","10.25","10.44","10.60","10.20","","4.81%"
"11/28/2019","9.78","10.05","10.05","9.58","","-2.20%"
"11/27/2019","10.00","11.07","11.15","9.98","","-6.72%"
"11/26/2019","10.72","11.06","11.37","10.50","","-0.74%"
"11/25/2019","10.80","11.48","11.59","10.74","","-8.32%"
"11/24/2019","11.78","12.29","12.47","11.75","","-1.75%"
"11/21/2019","11.99","12.11","12.53","11.65","","2.22%"
"11/20/2019","11.73","11.88","13.08","11.67","","0.60%"
"11/19/2019","11.66","11.65","11.83","11.34","","-1.52%"
"11/18/2019","11.84","10.47","11.92","10.40","","14.62%"
"11/17/2019","10.33","9.64","10.36","9.49","","1.27%"
"11/14/2019","10.20","10.82","10.82","10.14","","-8.52%"
"11/13/2019","11.15","12.11","12.11","10.93","","-5.19%"
"11/12/2019","11.76","12.33","13.01","11.65","","1.73%"
"11/11/2019","11.56","11.50","11.94","11.45","","4.43%"
"11/10/2019","11.07","11.16","11.44","11.04","","2.79%"
"11/07/2019","10.77","10.95","11.82","10.71","","-2.36%"
"11/06/2019","11.03","11.26","11.56","10.86","","-0.36%"
"11/05/2019","11.07","11.08","11.39","10.86","","0.82%"
"11/04/2019","10.98","10.92","11.16","10.62","","2.52%"
"11/03/2019","10.71","10.96","11.12","10.67","","-5.47%"
"10/31/2019","11.33","11.36","12.09","11.14","","-5.27%"
"10/30/2019","11.96","11.47","12.02","11.15","","6.88%"
"10/29/2019","11.19","11.60","11.83","11.13","","-3.28%"
"10/28/2019","11.57","11.58","11.78","11.33","","1.40%"
"10/27/2019","11.41","11.44","11.96","11.28","","3.07%"
"10/24/2019","11.07","11.00","11.41","10.72","","0.00%"
"10/23/2019","11.07","11.23","11.40","10.84","","-2.21%"
"10/22/2019","11.32","11.05","11.70","11.02","","9.48%"
"10/17/2019","10.34","11.62","11.62","10.22","","-4.88%"
"10/16/2019","10.87","11.49","11.51","10.72","","-6.13%"
"10/15/2019","11.58","12.20","12.23","11.54","","-9.95%"
"10/10/2019","12.86","13.27","13.40","12.69","","4.55%"
"10/07/2019","12.30","12.83","12.83","12.25","","0.49%"
"10/06/2019","12.24","13.11","13.22","12.20","","-13.92%"
"10/03/2019","14.22","13.71","14.61","13.29","","2.89%"
"10/02/2019","13.82","13.19","14.11","12.90","","18.63%"
"09/26/2019","11.65","10.99","11.71","10.74","","-7.02%"
"09/25/2019","12.53","13.00","13.39","12.03","","-0.40%"
"09/24/2019","12.58","12.91","13.64","12.39","","-4.62%"
"09/23/2019","13.19","12.44","13.50","12.26","","2.89%"
"09/22/2019","12.82","13.12","13.24","12.78","","5.60%"
"09/19/2019","12.14","12.69","13.15","12.09","","-6.62%"
"09/18/2019","13.00","13.96","13.98","12.90","","-6.14%"
"09/16/2019","13.85","14.32","14.67","13.68","","0.14%"
"09/15/2019","13.83","13.02","13.95","13.01","","11.35%"
"09/12/2019","12.42","12.79","13.29","12.34","","-5.98%"
"09/11/2019","13.21","13.70","13.86","13.15","","-5.91%"
"09/10/2019","14.04","15.02","15.10","13.99","","-2.30%"
"09/09/2019","14.37","15.42","15.49","14.29","","-1.37%"
"09/08/2019","14.57","14.79","15.13","14.44","","-1.35%"
"09/05/2019","14.77","14.69","15.84","14.51","","-1.86%"
"09/04/2019","15.05","15.80","16.01","14.84","","-7.33%"
"09/03/2019","16.24","16.18","16.53","15.70","","3.24%"
"09/02/2019","15.73","15.91","16.13","15.16","","-1.19%"
"09/01/2019","15.92","15.76","15.97","15.29","","5.15%"
"08/29/2019","15.14","17.86","17.86","15.08","","-15.23%"
"08/28/2019","17.86","17.38","18.19","16.88","","5.24%"
"08/27/2019","16.97","17.00","17.89","16.60","","-0.99%"
"08/26/2019","17.14","18.95","18.96","16.56","","-9.98%"
"08/25/2019","19.04","18.20","19.12","18.15","","20.20%"
"08/22/2019","15.84","16.96","16.96","15.13","","2.79%"
"08/21/2019","15.41","16.73","16.73","15.08","","-6.04%"
"08/20/2019","16.40","19.12","19.12","16.26","","-1.38%"
"08/19/2019","16.63","21.12","21.36","16.54","","-13.43%"
"08/18/2019","19.21","21.39","21.55","18.59","","0.16%"
"08/15/2019","19.18","17.98","20.72","17.96","","6.67%"
"08/14/2019","17.98","16.51","19.84","15.65","","19.55%"
"08/13/2019","15.04","17.49","17.54","14.99","","-4.87%"
"08/12/2019","15.81","15.43","16.65","15.02","","9.03%"
"08/08/2019","14.50","14.74","15.52","14.37","","-11.26%"
"08/07/2019","16.34","16.07","17.52","14.94","","6.17%"
"08/06/2019","15.39","15.85","16.39","14.90","","-0.84%"
"08/05/2019","15.52","14.92","16.04","14.82","","14.54%"
"08/04/2019","13.55","13.09","14.35","12.99","","12.82%"
"08/01/2019","12.01","12.90","13.12","11.90","","-2.91%"
"07/31/2019","12.37","12.94","13.23","12.17","","-4.92%"
"07/30/2019","13.01","13.65","13.67","12.81","","-2.84%"
"07/29/2019","13.39","12.93","13.54","12.88","","6.52%"
"07/28/2019","12.57","12.11","12.97","11.98","","8.74%"
"07/25/2019","11.56","10.55","11.85","10.41","","7.24%"
"07/24/2019","10.78","11.63","12.04","10.60","","-8.02%"
"07/23/2019","11.72","12.91","13.31","11.50","","-9.57%"
"07/22/2019","12.96","13.86","14.01","12.74","","-8.47%"
"07/21/2019","14.16","14.96","15.12","13.94","","1.87%"
"07/18/2019","13.90","16.00","16.51","13.42","","2.66%"
"07/17/2019","13.54","11.86","13.74","11.76","","14.84%"